platform,title,channel,published_at,public_view_count,checked_at_utc,canonical_url,topic,primary_hook,inclusion_reason,verification_surface
YouTube,아직 체크인 비용 내신다구요?! 이젠 캐리온으로 가져가세요. 프로필 클릭 후에 링크 눌러주시면 구매 가능! #가방 #백팩 #배낭,벡스 | 대한민국 대표 진공백팩,2025-09-09T05:16:22Z,6520920,2026-08-27T10:28:06Z,https://www.youtube.com/watch?v=GSJewbrT65U,미니멀 여행,C 숫자·기간·규모 대비,YouTube Data API videos.list에서 snippet.publishedAt과 statistics.viewCount가 동시에 확인됨,"YouTube Data API videos.list(part=snippet,statistics)"
YouTube,참지 않는 K여친 #한일커플 #도쿄브이로그 #일본브이로그 #일본여행 #일상브이로그,히씨 HeeSee,2025-06-13T14:23:41Z,19964266,2026-08-27T10:28:06Z,https://www.youtube.com/watch?v=H85ojZSV9lM,부부 여행,F 관계의 마찰·합의,YouTube Data API videos.list에서 snippet.publishedAt과 statistics.viewCount가 동시에 확인됨,"YouTube Data API videos.list(part=snippet,statistics)"
YouTube,신혼여행 현실 feat.반신욕 #우유커플 #발리,우유커플 Milk_couple,2023-12-21T10:00:33Z,23442076,2026-08-27T10:28:06Z,https://www.youtube.com/watch?v=dgOPygpRYGw,신혼여행,E 기대 vs 실제 / 실수·수정,YouTube Data API videos.list에서 snippet.publishedAt과 statistics.viewCount가 동시에 확인됨,"YouTube Data API videos.list(part=snippet,statistics)"
YouTube,요즘 유행하는 여행영상 단둘이 기록하는 방법 3탄👭,채또루,2025-03-14T13:45:40Z,18845047,2026-08-27T10:28:06Z,https://www.youtube.com/watch?v=TkVPcHnqOgg,여행 기록,H 기록 방식 / 남긴 것,YouTube Data API videos.list에서 snippet.publishedAt과 statistics.viewCount가 동시에 확인됨,"YouTube Data API videos.list(part=snippet,statistics)"
YouTube,영혼없는 공항직원,전핑콩,2025-03-26T04:30:20Z,10404909,2026-08-27T10:28:06Z,https://www.youtube.com/watch?v=7U-snnwvt_U,여행 준비/짐,J 특정 상황의 실행 팁,YouTube Data API videos.list에서 snippet.publishedAt과 statistics.viewCount가 동시에 확인됨,"YouTube Data API videos.list(part=snippet,statistics)"
YouTube,일본인 아내와 5살 아이와 걸어서만 홋카이도를 여행해봤습니다,YUKA-CHANNEL,2025-03-04T10:00:49Z,24871891,2026-08-27T10:28:06Z,https://www.youtube.com/watch?v=g9TXLAbc-1Q,여행 후기/장면,C 숫자·기간·규모 대비,YouTube Data API videos.list에서 snippet.publishedAt과 statistics.viewCount가 동시에 확인됨,"YouTube Data API videos.list(part=snippet,statistics)"
YouTube,해외 한달살기의 치명적인 단점,월터씨 walterC,2024-06-02T11:59:04Z,1967139,2026-08-27T10:28:06Z,https://www.youtube.com/watch?v=YUH1-RamePY,장기여행/한달살기,E 기대 vs 실제 / 실수·수정,YouTube Data API videos.list에서 snippet.publishedAt과 statistics.viewCount가 동시에 확인됨,"YouTube Data API videos.list(part=snippet,statistics)"
YouTube,후쿠오카 첫날부터 캐리어없이 바로 여행 다니는 핵꿀팁!! #후쿠오카여행 #후쿠오카꿀팁 #델리백,폭싹먹었수다,2025-09-17T08:23:22Z,815141,2026-08-27T10:28:06Z,https://www.youtube.com/watch?v=oyv3ayppVBY,미니멀 여행,D 비용·짐·동선 절감,YouTube Data API videos.list에서 snippet.publishedAt과 statistics.viewCount가 동시에 확인됨,"YouTube Data API videos.list(part=snippet,statistics)"
YouTube,호주여행중 인종차별 당한 한국 커플,딱다구리,2025-08-15T01:00:44Z,7793289,2026-08-27T10:28:06Z,https://www.youtube.com/watch?v=hp_Vd0UMeno,부부 여행,F 관계의 마찰·합의,YouTube Data API videos.list에서 snippet.publishedAt과 statistics.viewCount가 동시에 확인됨,"YouTube Data API videos.list(part=snippet,statistics)"
YouTube,신혼여행 장소가 의미없는 이유,예능부장,2025-05-20T02:00:18Z,17091251,2026-08-27T10:28:06Z,https://www.youtube.com/watch?v=JzTz6swiEag,신혼여행,F 관계의 마찰·합의,YouTube Data API videos.list에서 snippet.publishedAt과 statistics.viewCount가 동시에 확인됨,"YouTube Data API videos.list(part=snippet,statistics)"
YouTube,가족여행 힙하게 기록하기🩷 #클럽디오아시스 #부산여행 #가족여행,스라구 sragu_tv,2025-06-07T10:13:41Z,2966633,2026-08-27T10:28:06Z,https://www.youtube.com/watch?v=dWH7_GRb-TU,여행 기록,H 기록 방식 / 남긴 것,YouTube Data API videos.list에서 snippet.publishedAt과 statistics.viewCount가 동시에 확인됨,"YouTube Data API videos.list(part=snippet,statistics)"
YouTube,"""경찰도 포기했다!"" 여행가방 비밀번호 기억안날때 이쑤시개 하나만 있으면 됩니다. 1초만에 캐리어 비밀번호 푸는법",살림연구소 오클,2024-11-16T10:15:01Z,5965708,2026-08-27T10:28:06Z,https://www.youtube.com/watch?v=b8BWapNqEIo,여행 준비/짐,C 숫자·기간·규모 대비,YouTube Data API videos.list에서 snippet.publishedAt과 statistics.viewCount가 동시에 확인됨,"YouTube Data API videos.list(part=snippet,statistics)"
YouTube,프랑스 여행 꿀팁,침착맨,2024-07-24T08:00:18Z,13227653,2026-08-27T10:28:06Z,https://www.youtube.com/watch?v=dqJ2FfsDI-U,여행 후기/장면,J 특정 상황의 실행 팁,YouTube Data API videos.list에서 snippet.publishedAt과 statistics.viewCount가 동시에 확인됨,"YouTube Data API videos.list(part=snippet,statistics)"
YouTube,치앙마이 한달살기의 치명적인 단점,월터씨 walterC,2024-08-23T08:34:06Z,1158575,2026-08-27T10:28:06Z,https://www.youtube.com/watch?v=jAewfh3F6mA,장기여행/한달살기,E 기대 vs 실제 / 실수·수정,YouTube Data API videos.list에서 snippet.publishedAt과 statistics.viewCount가 동시에 확인됨,"YouTube Data API videos.list(part=snippet,statistics)"
YouTube,캐리어없이 배낭매고 후쿠오카 3박4일,이승인 YISEUNGIN,2025-07-19T11:06:49Z,297115,2026-08-27T10:28:06Z,https://www.youtube.com/watch?v=zu0wvpZ2sL4,미니멀 여행,D 비용·짐·동선 절감,YouTube Data API videos.list에서 snippet.publishedAt과 statistics.viewCount가 동시에 확인됨,"YouTube Data API videos.list(part=snippet,statistics)"
YouTube,첫 커플여행 갈 때 남녀의 차이,1분순삭,2023-11-23T02:00:11Z,5487745,2026-08-27T10:28:06Z,https://www.youtube.com/watch?v=JGJekXcwBCQ,부부 여행,F 관계의 마찰·합의,YouTube Data API videos.list에서 snippet.publishedAt과 statistics.viewCount가 동시에 확인됨,"YouTube Data API videos.list(part=snippet,statistics)"
YouTube,그래도 잠은 잘오더군요 #신혼부부 #신혼여행 #호텔 #브이로그 #브이로그꿈나무,은윤이행님,2024-11-27T00:22:55Z,9418187,2026-08-27T10:28:06Z,https://www.youtube.com/watch?v=fj6YJn9Itw4,신혼여행,F 관계의 마찰·합의,YouTube Data API videos.list에서 snippet.publishedAt과 statistics.viewCount가 동시에 확인됨,"YouTube Data API videos.list(part=snippet,statistics)"
YouTube,여행을 기록하는 특별한 방법,바깥TV,2025-08-01T15:42:00Z,1846646,2026-08-27T10:28:06Z,https://www.youtube.com/watch?v=WMS1HZXFl-I,여행 기록,H 기록 방식 / 남긴 것,YouTube Data API videos.list에서 snippet.publishedAt과 statistics.viewCount가 동시에 확인됨,"YouTube Data API videos.list(part=snippet,statistics)"
YouTube,호불호가 강한 캐리어 싸는 꿀팁ㅋㅋㅋㅋㅋ,짤컷,2023-07-19T12:00:46Z,4844038,2026-08-27T10:28:06Z,https://www.youtube.com/watch?v=xDK4Q3y8l-E,여행 준비/짐,J 특정 상황의 실행 팁,YouTube Data API videos.list에서 snippet.publishedAt과 statistics.viewCount가 동시에 확인됨,"YouTube Data API videos.list(part=snippet,statistics)"
YouTube,곽튜브가 추천한 최고의 여행지?!,김지석 [내 안의 보석],2024-08-29T11:56:41Z,12749041,2026-08-27T10:28:06Z,https://www.youtube.com/watch?v=GWArWI45xr8,여행 후기/장면,A 선택 + 제약,YouTube Data API videos.list에서 snippet.publishedAt과 statistics.viewCount가 동시에 확인됨,"YouTube Data API videos.list(part=snippet,statistics)"
YouTube,해외 한달살기는 무조건 치앙마이인 이유,월터씨 walterC,2024-08-12T08:48:31Z,782694,2026-08-27T10:28:06Z,https://www.youtube.com/watch?v=FMl-7Tf5FLg,장기여행/한달살기,G 현지의 비관광 장면,YouTube Data API videos.list에서 snippet.publishedAt과 statistics.viewCount가 동시에 확인됨,"YouTube Data API videos.list(part=snippet,statistics)"
YouTube,[Gimme5] 단 하나의 배낭만으로 여행을 해야 한다면? 최고의 기내 반입용 배낭 5가지!,덕후아재 LazyDoo,2025-07-23T12:22:43Z,234548,2026-08-27T10:28:06Z,https://www.youtube.com/watch?v=jZx6F6lYwI0,미니멀 여행,C 숫자·기간·규모 대비,YouTube Data API videos.list에서 snippet.publishedAt과 statistics.viewCount가 동시에 확인됨,"YouTube Data API videos.list(part=snippet,statistics)"
YouTube,커플여행...?,띱 Deep,2023-04-22T03:00:33Z,2121214,2026-08-27T10:28:06Z,https://www.youtube.com/watch?v=mgHhpRrKBsY,부부 여행,F 관계의 마찰·합의,YouTube Data API videos.list에서 snippet.publishedAt과 statistics.viewCount가 동시에 확인됨,"YouTube Data API videos.list(part=snippet,statistics)"
YouTube,"한때 신혼여행 선호도 1위, 사이판은 왜 몰락했을까?",세계는요지경 YOZIGYEONG,2025-09-13T00:00:56Z,4300272,2026-08-27T10:28:06Z,https://www.youtube.com/watch?v=l8deC7G8g_E,신혼여행,F 관계의 마찰·합의,YouTube Data API videos.list에서 snippet.publishedAt과 statistics.viewCount가 동시에 확인됨,"YouTube Data API videos.list(part=snippet,statistics)"
YouTube,[vlog] 주은이 가족 여행 브이로그🌊 (With 르멘카)ㅣ춘천 닭갈비 먹방・하늘이 재롱잔치・응원봉 언박싱・엄마랑 쇼핑데이・강릉 동해 바다・실내 스파ㅣ어느 주은 날,Hearts2Hearts,2026-04-08T11:01:33Z,1128495,2026-08-27T10:28:06Z,https://www.youtube.com/watch?v=sw9LHzw8WRM,여행 기록,H 기록 방식 / 남긴 것,YouTube Data API videos.list에서 snippet.publishedAt과 statistics.viewCount가 동시에 확인됨,"YouTube Data API videos.list(part=snippet,statistics)"
YouTube,쿠팡에서 이건 꼭 사세요!! 유럽여행 꼭 필요한 준비물 TOP3 #내돈내산,리뷰한다 송미니,2025-04-24T09:30:37Z,3742681,2026-08-27T10:28:06Z,https://www.youtube.com/watch?v=sch2sNCSf4o,여행 준비/짐,C 숫자·기간·규모 대비,YouTube Data API videos.list에서 snippet.publishedAt과 statistics.viewCount가 동시에 확인됨,"YouTube Data API videos.list(part=snippet,statistics)"
YouTube,"[EN] 잠자리는 미정, 재미는 확정인 P들의 숙소 지옥｜풍향고2 EP.1 오스트리아 빈 #유재석 #이성민 #지석진 #양세찬",뜬뜬 DdeunDdeun,2026-01-24T00:00:06Z,12472476,2026-08-27T10:28:06Z,https://www.youtube.com/watch?v=XH_RhjO5d5c,여행 후기/장면,C 숫자·기간·규모 대비,YouTube Data API videos.list에서 snippet.publishedAt과 statistics.viewCount가 동시에 확인됨,"YouTube Data API videos.list(part=snippet,statistics)"
YouTube,치앙마이 한달살기? 장기거주? 직접 살아본 치앙마이 숙소 비교 ㅣ무반과 콘도 여러분은 어디서 사실래요?,치앙마이 스뗄라네 Stella's in Chiang Mai,2024-08-29T09:45:02Z,755794,2026-08-27T10:28:06Z,https://www.youtube.com/watch?v=zS1GKvhBxyM,장기여행/한달살기,A 선택 + 제약,YouTube Data API videos.list에서 snippet.publishedAt과 statistics.viewCount가 동시에 확인됨,"YouTube Data API videos.list(part=snippet,statistics)"
YouTube,두 달 유럽 배낭여행 준비물 리스트 #배낭여행 #유럽여행 #배낭준비물,비지보이 busyboy,2023-09-11T14:50:48Z,200143,2026-08-27T10:28:06Z,https://www.youtube.com/watch?v=1nDb_QH4FFw,미니멀 여행,J 특정 상황의 실행 팁,YouTube Data API videos.list에서 snippet.publishedAt과 statistics.viewCount가 동시에 확인됨,"YouTube Data API videos.list(part=snippet,statistics)"
YouTube,혼자 여행가지 나랑 왜 왔니? | #커플브이로그 #연애 #커플여행,티오킴,2025-09-12T10:16:43Z,1991909,2026-08-27T10:28:06Z,https://www.youtube.com/watch?v=tdY1c4xnhbk,부부 여행,F 관계의 마찰·합의,YouTube Data API videos.list에서 snippet.publishedAt과 statistics.viewCount가 동시에 확인됨,"YouTube Data API videos.list(part=snippet,statistics)"
YouTube,혼전순결 부부가 신혼여행 갔을 때 특징,1분순삭,2025-03-31T14:10:33Z,2361365,2026-08-27T10:28:06Z,https://www.youtube.com/watch?v=SdgTKPOedZ8,신혼여행,F 관계의 마찰·합의,YouTube Data API videos.list에서 snippet.publishedAt과 statistics.viewCount가 동시에 확인됨,"YouTube Data API videos.list(part=snippet,statistics)"
YouTube,계획짜지마❌ 부산 2박3일 여행코스 정해줌🇰🇷#travelvlog #부산 #부산여행 #여행유튜버 #오륙도 #광안리 #부산브이로그 #여행브이로그 #busan #부산맛집 #국내여행,주이노트 JuyNote,2025-04-13T10:38:36Z,930684,2026-08-27T10:28:06Z,https://www.youtube.com/watch?v=69lIB3fMvBU,여행 기록,H 기록 방식 / 남긴 것,YouTube Data API videos.list에서 snippet.publishedAt과 statistics.viewCount가 동시에 확인됨,"YouTube Data API videos.list(part=snippet,statistics)"
YouTube,유럽에서 캐리어 잃어버리면 노답인 이유 #shorts,지나친텐션 Hightension JEENA,2023-10-23T14:16:12Z,3586543,2026-08-27T10:28:06Z,https://www.youtube.com/watch?v=X65gINvQFwo,여행 준비/짐,J 특정 상황의 실행 팁,YouTube Data API videos.list에서 snippet.publishedAt과 statistics.viewCount가 동시에 확인됨,"YouTube Data API videos.list(part=snippet,statistics)"
YouTube,[EN] 둥근 해가 뜨면 오픈런 해야만 하는 P들의 모임｜풍향고2 EP.2 오스트리아 빈 #유재석 #이성민 #지석진 #양세찬,뜬뜬 DdeunDdeun,2026-01-31T00:00:06Z,10256877,2026-08-27T10:28:06Z,https://www.youtube.com/watch?v=LwHTxxMa7Fo,여행 후기/장면,C 숫자·기간·규모 대비,YouTube Data API videos.list에서 snippet.publishedAt과 statistics.viewCount가 동시에 확인됨,"YouTube Data API videos.list(part=snippet,statistics)"
YouTube,"발리 여행, '이거'만 안해도 성공입니다 #bali #travel #발리 #발리여행 #여행 #한달살기 #발리한달살기 #해외여행",호짱짱,2025-02-12T07:38:45Z,729800,2026-08-27T10:28:06Z,https://www.youtube.com/watch?v=w-Df2c6dfl4,장기여행/한달살기,G 현지의 비관광 장면,YouTube Data API videos.list에서 snippet.publishedAt과 statistics.viewCount가 동시에 확인됨,"YouTube Data API videos.list(part=snippet,statistics)"
YouTube,호주 입국시 이거 가져오면 최소 벌금이에요❌,도행러,2025-08-15T12:21:52Z,118979,2026-08-27T10:28:06Z,https://www.youtube.com/watch?v=YNH1IDGNZFc,미니멀 여행,D 비용·짐·동선 절감,YouTube Data API videos.list에서 snippet.publishedAt과 statistics.viewCount가 동시에 확인됨,"YouTube Data API videos.list(part=snippet,statistics)"
YouTube,커플 여행 갔다가 들어가면 안 될 섬에 들어갔습니다,총몇명,2026-04-11T09:00:31Z,1735025,2026-08-27T10:28:06Z,https://www.youtube.com/watch?v=FXb1k5UYyn4,부부 여행,F 관계의 마찰·합의,YouTube Data API videos.list에서 snippet.publishedAt과 statistics.viewCount가 동시에 확인됨,"YouTube Data API videos.list(part=snippet,statistics)"
YouTube,하와이 신혼여행의 상상과 현실 #shorts,김승혜,2025-04-25T10:01:17Z,2256291,2026-08-27T10:28:06Z,https://www.youtube.com/watch?v=nVhu82tKsn8,신혼여행,E 기대 vs 실제 / 실수·수정,YouTube Data API videos.list에서 snippet.publishedAt과 statistics.viewCount가 동시에 확인됨,"YouTube Data API videos.list(part=snippet,statistics)"
YouTube,"1n년째 함께한 순간을 붙여가는 중, 우리가 여행을 기록하는 방법💚🧩",anotherdoor_travel,2025-07-21T15:03:42Z,774426,2026-08-27T10:28:06Z,https://www.youtube.com/watch?v=hrEqvG9f2eU,여행 기록,H 기록 방식 / 남긴 것,YouTube Data API videos.list에서 snippet.publishedAt과 statistics.viewCount가 동시에 확인됨,"YouTube Data API videos.list(part=snippet,statistics)"
YouTube,대한항공 비행기 몽골행 난기류 #난기류 #대한항공 #몽골 #울란바토르 #텐진공항상공 #비행기 #난기류,뚝딱LIFE.,2024-08-04T03:09:46Z,3508196,2026-08-27T10:28:06Z,https://www.youtube.com/watch?v=MKrKl0GDyp4,여행 준비/짐,J 특정 상황의 실행 팁,YouTube Data API videos.list에서 snippet.publishedAt과 statistics.viewCount가 동시에 확인됨,"YouTube Data API videos.list(part=snippet,statistics)"
YouTube,기내 수하물 1cm 초과에 11만 원? 이 여성의 분노가 터졌다!,쇼글쇼글,2025-08-02T08:00:14Z,8322386,2026-08-27T10:28:06Z,https://www.youtube.com/watch?v=JY7qhKU-Yoo,여행 후기/장면,C 숫자·기간·규모 대비,YouTube Data API videos.list에서 snippet.publishedAt과 statistics.viewCount가 동시에 확인됨,"YouTube Data API videos.list(part=snippet,statistics)"
YouTube,제주도 한 달 살기 솔직 후기ㅋㅋ,슈트맨,2025-02-05T07:00:13Z,506132,2026-08-27T10:28:06Z,https://www.youtube.com/watch?v=Q66mL0JnIuc,장기여행/한달살기,G 현지의 비관광 장면,YouTube Data API videos.list에서 snippet.publishedAt과 statistics.viewCount가 동시에 확인됨,"YouTube Data API videos.list(part=snippet,statistics)"
YouTube,상하이 1편 - 5박6일 배낭 짐싸기,gogossi 고고씨,2025-04-01T10:01:03Z,115619,2026-08-27T10:28:06Z,https://www.youtube.com/watch?v=lWx9HyIIWsc,미니멀 여행,C 숫자·기간·규모 대비,YouTube Data API videos.list에서 snippet.publishedAt과 statistics.viewCount가 동시에 확인됨,"YouTube Data API videos.list(part=snippet,statistics)"
YouTube,커플 여행 가서 따로 자자는 애인;;,십이층,2025-10-29T03:00:50Z,1648728,2026-08-27T10:28:06Z,https://www.youtube.com/watch?v=XVWwuZO-ays,부부 여행,F 관계의 마찰·합의,YouTube Data API videos.list에서 snippet.publishedAt과 statistics.viewCount가 동시에 확인됨,"YouTube Data API videos.list(part=snippet,statistics)"
YouTube,신혼여행 2번씩 간 여자들의 솔직한 후기,1분순삭,2025-10-24T02:00:39Z,1297781,2026-08-27T10:28:06Z,https://www.youtube.com/watch?v=Y1igHhOapnQ,신혼여행,F 관계의 마찰·합의,YouTube Data API videos.list에서 snippet.publishedAt과 statistics.viewCount가 동시에 확인됨,"YouTube Data API videos.list(part=snippet,statistics)"
YouTube,나트랑 숙소에 300만원 쓰고 알려주는 1등 리조트 #나트랑여행 #나트랑 #퓨전리조트 #여행브이로그 #베트남여행,뉴녕,2025-04-14T01:32:58Z,745355,2026-08-27T10:28:06Z,https://www.youtube.com/watch?v=F9niD4D8c9c,여행 기록,H 기록 방식 / 남긴 것,YouTube Data API videos.list에서 snippet.publishedAt과 statistics.viewCount가 동시에 확인됨,"YouTube Data API videos.list(part=snippet,statistics)"
YouTube,승무원 친구가 알려준 여행 짐싸기 팁 7가지✈️,퇴근후살림,2026-07-13T08:17:32Z,3359333,2026-08-27T10:28:06Z,https://www.youtube.com/watch?v=-h5dcbUl-3k,여행 준비/짐,C 숫자·기간·규모 대비,YouTube Data API videos.list에서 snippet.publishedAt과 statistics.viewCount가 동시에 확인됨,"YouTube Data API videos.list(part=snippet,statistics)"
YouTube,북한 고려항공을 타면 벌어지는 일,해외여행이슈,2025-07-09T22:00:55Z,7198756,2026-08-27T10:28:06Z,https://www.youtube.com/watch?v=nPHYtXV37dY,여행 후기/장면,C 숫자·기간·규모 대비,YouTube Data API videos.list에서 snippet.publishedAt과 statistics.viewCount가 동시에 확인됨,"YouTube Data API videos.list(part=snippet,statistics)"
YouTube,태국 치앙마이 한달살기 단점,계획왕 제이의 여행,2025-04-19T09:00:36Z,450310,2026-08-27T10:28:06Z,https://www.youtube.com/watch?v=Pr2m8rCw4nU,장기여행/한달살기,E 기대 vs 실제 / 실수·수정,YouTube Data API videos.list에서 snippet.publishedAt과 statistics.viewCount가 동시에 확인됨,"YouTube Data API videos.list(part=snippet,statistics)"
YouTube,수학여행 가방으로 보는 맥시멀리스트 VS 미니멀리스트,DOL 저장소,2025-10-17T13:01:54Z,111446,2026-08-27T10:28:06Z,https://www.youtube.com/watch?v=qR8w_cfPr4A,미니멀 여행,J 특정 상황의 실행 팁,YouTube Data API videos.list에서 snippet.publishedAt과 statistics.viewCount가 동시에 확인됨,"YouTube Data API videos.list(part=snippet,statistics)"
YouTube,장기 연애 커플 여행 특징 #환승연애4,디글 :Diggle,2025-10-08T13:00:24Z,1487837,2026-08-27T10:28:06Z,https://www.youtube.com/watch?v=CQoOVwe3k_c,부부 여행,F 관계의 마찰·합의,YouTube Data API videos.list에서 snippet.publishedAt과 statistics.viewCount가 동시에 확인됨,"YouTube Data API videos.list(part=snippet,statistics)"
YouTube,몰디브 신혼여행에 1000만원 태우고 텅장된 썰,놀자고,2025-03-28T09:00:15Z,1001352,2026-08-27T10:28:06Z,https://www.youtube.com/watch?v=Bhb8tBCkSJs,신혼여행,F 관계의 마찰·합의,YouTube Data API videos.list에서 snippet.publishedAt과 statistics.viewCount가 동시에 확인됨,"YouTube Data API videos.list(part=snippet,statistics)"
YouTube,우재 지원의 후쿠오카 여행 기록,신우지 SHINWOOJI,2025-11-16T03:30:55Z,736342,2026-08-27T10:28:06Z,https://www.youtube.com/watch?v=q9xyMqoQiDY,여행 기록,H 기록 방식 / 남긴 것,YouTube Data API videos.list에서 snippet.publishedAt과 statistics.viewCount가 동시에 확인됨,"YouTube Data API videos.list(part=snippet,statistics)"
YouTube,일본여행 입국심사 특,데눈데로 デヌンデロ,2024-12-05T04:19:40Z,3037288,2026-08-27T10:28:06Z,https://www.youtube.com/watch?v=2GqW1yLFMpM,여행 준비/짐,C 숫자·기간·규모 대비,YouTube Data API videos.list에서 snippet.publishedAt과 statistics.viewCount가 동시에 확인됨,"YouTube Data API videos.list(part=snippet,statistics)"
YouTube,유럽 소매치기가 얼마나 심하냐면,테디여행기 TeddyTravelogue,2022-10-15T11:00:31Z,5587192,2026-08-27T10:28:06Z,https://www.youtube.com/watch?v=YYvbG7GrJfQ,여행 후기/장면,J 특정 상황의 실행 팁,YouTube Data API videos.list에서 snippet.publishedAt과 statistics.viewCount가 동시에 확인됨,"YouTube Data API videos.list(part=snippet,statistics)"
YouTube,"해외 한달살기 로망 실현! 아시아 5개국 비교 🌏치안 중심 아시아편 1분컷 요약 삿포로/치앙마이/발리/페낭/가오슝 | 총비용, 방문 최적기, 꿀팁",뚜벅뚜벅 서부남,2025-05-18T07:15:06Z,440067,2026-08-27T10:28:06Z,https://www.youtube.com/watch?v=KbFdCHxYtqE,장기여행/한달살기,A 선택 + 제약,YouTube Data API videos.list에서 snippet.publishedAt과 statistics.viewCount가 동시에 확인됨,"YouTube Data API videos.list(part=snippet,statistics)"
YouTube,"여행 하루 전, 두근두근 배낭 여행 짐싸기(ft. 해외 여행 노하우가 담긴 여행 필수품)",히시월드,2023-09-14T12:03:00Z,61529,2026-08-27T10:28:06Z,https://www.youtube.com/watch?v=aJjga338zc0,미니멀 여행,J 특정 상황의 실행 팁,YouTube Data API videos.list에서 snippet.publishedAt과 statistics.viewCount가 동시에 확인됨,"YouTube Data API videos.list(part=snippet,statistics)"
YouTube,"[경북 영양] ""나이 차이 좀 납니다"" 12살 차이 부부의 달랑 둘뿐인 산골 오지 살이｜찾아오는 사람 하나 없는데 민박집 차려놓고 8년째｜국내여행｜#한국기행 #방방곡곡",EBS 방방곡곡,2025-01-01T08:00:31Z,922919,2026-08-27T10:28:06Z,https://www.youtube.com/watch?v=_9rXpmHmQMI,부부 여행,F 관계의 마찰·합의,YouTube Data API videos.list에서 snippet.publishedAt과 statistics.viewCount가 동시에 확인됨,"YouTube Data API videos.list(part=snippet,statistics)"
YouTube,고민) 신혼여행 갔다 오니까 헤어지고 싶어,오늘도 숏츠,2023-07-12T13:00:45Z,920567,2026-08-27T10:28:06Z,https://www.youtube.com/watch?v=pZj8Wvji1Rk,신혼여행,F 관계의 마찰·합의,YouTube Data API videos.list에서 snippet.publishedAt과 statistics.viewCount가 동시에 확인됨,"YouTube Data API videos.list(part=snippet,statistics)"
YouTube,도쿄여행 3박4일 일정은 이대로만ㄱㄱ #도쿄여행 #도쿄 #도쿄여행브이로그 #일본여행 #가마쿠라 #도쿄타워 #도쿄디즈니랜드,렛츠고헤이즐,2024-02-19T14:22:29Z,648597,2026-08-27T10:28:06Z,https://www.youtube.com/watch?v=OmHRCwxfWP0,여행 기록,H 기록 방식 / 남긴 것,YouTube Data API videos.list에서 snippet.publishedAt과 statistics.viewCount가 동시에 확인됨,"YouTube Data API videos.list(part=snippet,statistics)"
YouTube,외국인들 사이에 유행하는 한국 여행갈때 짐싸는 법,30초돼지,2025-10-15T09:15:02Z,2968656,2026-08-27T10:28:06Z,https://www.youtube.com/watch?v=9UFpqJoUW0o,여행 준비/짐,J 특정 상황의 실행 팁,YouTube Data API videos.list에서 snippet.publishedAt과 statistics.viewCount가 동시에 확인됨,"YouTube Data API videos.list(part=snippet,statistics)"
YouTube,보라카이 여행의 실체,구아나,2025-02-01T12:30:10Z,5389355,2026-08-27T10:28:06Z,https://www.youtube.com/watch?v=AfLcoDv74CY,여행 후기/장면,J 특정 상황의 실행 팁,YouTube Data API videos.list에서 snippet.publishedAt과 statistics.viewCount가 동시에 확인됨,"YouTube Data API videos.list(part=snippet,statistics)"
YouTube,나 홀로 캘리포니아 준비 갈 완료•˖*✶🇺🇸 미국 샌디에고 어학연수 가기 전 짐 같이 싸요!🧺  진짜 맥시멀리시트의 장기여행 꿀템 공유 ੈ✩ + 미니 뷰티데이••🐬🍀,유정 YUJEONG,2024-07-20T03:00:33Z,312895,2026-08-27T10:28:06Z,https://www.youtube.com/watch?v=ki_Z9Ph1PbE,장기여행/한달살기,J 특정 상황의 실행 팁,YouTube Data API videos.list에서 snippet.publishedAt과 statistics.viewCount가 동시에 확인됨,"YouTube Data API videos.list(part=snippet,statistics)"
YouTube,해외여행 준비물 이것만 챙기면 끝! 위탁수하물 없이 캐리어 짐싸기 실전 팁 대방출✈️(+체크리스트 파일 공유),타이거투어 - 나만 알기 아까운 여행정보,2025-11-16T05:06:17Z,61076,2026-08-27T10:28:06Z,https://www.youtube.com/watch?v=MFrm4U8_QOQ,미니멀 여행,D 비용·짐·동선 절감,YouTube Data API videos.list에서 snippet.publishedAt과 statistics.viewCount가 동시에 확인됨,"YouTube Data API videos.list(part=snippet,statistics)"
YouTube,부부들은 왜 여행만 갔다 하면 유치하게 싸울까 [낭만부부],김해준,2026-02-25T10:02:46Z,832346,2026-08-27T10:28:06Z,https://www.youtube.com/watch?v=2gUtAcF6bTI,부부 여행,F 관계의 마찰·합의,YouTube Data API videos.list에서 snippet.publishedAt과 statistics.viewCount가 동시에 확인됨,"YouTube Data API videos.list(part=snippet,statistics)"
YouTube,"신혼여행 중 ""어머니랑 살자"" 남편 한마디에 파혼 결심했다 / KNN",KNN NEWS,2025-09-10T06:30:33Z,671947,2026-08-27T10:28:06Z,https://www.youtube.com/watch?v=tRlwJplfTY4,신혼여행,F 관계의 마찰·합의,YouTube Data API videos.list에서 snippet.publishedAt과 statistics.viewCount가 동시에 확인됨,"YouTube Data API videos.list(part=snippet,statistics)"
YouTube,중국여행 처음인 사람 현실브이로그 #상하이#여행#브이로그#vlog,미로다요,2025-08-27T09:49:20Z,485663,2026-08-27T10:28:06Z,https://www.youtube.com/watch?v=c2sW2MT8ce0,여행 기록,E 기대 vs 실제 / 실수·수정,YouTube Data API videos.list에서 snippet.publishedAt과 statistics.viewCount가 동시에 확인됨,"YouTube Data API videos.list(part=snippet,statistics)"
YouTube,5인 가족의 4박 5일 해외여행 짐 싸기 2탄 ✈️ #packwithme,리채움,2025-06-21T06:17:56Z,2536795,2026-08-27T10:28:06Z,https://www.youtube.com/watch?v=Pdgt9LYoFnE,여행 준비/짐,C 숫자·기간·규모 대비,YouTube Data API videos.list에서 snippet.publishedAt과 statistics.viewCount가 동시에 확인됨,"YouTube Data API videos.list(part=snippet,statistics)"
YouTube,혼자 여행가서 둘이 여행온것처럼 사진찍는 방법 🗯️ #shorts,예난데요,2024-11-24T15:20:59Z,4890116,2026-08-27T10:28:06Z,https://www.youtube.com/watch?v=j69MJr0HL4g,여행 후기/장면,J 특정 상황의 실행 팁,YouTube Data API videos.list에서 snippet.publishedAt과 statistics.viewCount가 동시에 확인됨,"YouTube Data API videos.list(part=snippet,statistics)"
YouTube,"제주도 한달살기 초보자가 하는 실수 7가지 |제주 한달살기 가기 전 필수 영상 입니다! 여행 꿀팁 전수, 한달살기 가기 전 준비해야 할 것들, 제주도 한달살기 여행 정보",꿈꾸는 전집사,2023-03-26T09:44:29Z,300834,2026-08-27T10:28:06Z,https://www.youtube.com/watch?v=ij9ssHyjH70,장기여행/한달살기,E 기대 vs 실제 / 실수·수정,YouTube Data API videos.list에서 snippet.publishedAt과 statistics.viewCount가 동시에 확인됨,"YouTube Data API videos.list(part=snippet,statistics)"
YouTube,여행 필수 아이템 + 1년치 해외여행 배낭 짐싸기 - 번외,여행용멸치 TravelAnchovy,2023-04-10T15:02:25Z,46506,2026-08-27T10:28:06Z,https://www.youtube.com/watch?v=JRFdpq1NTV4,미니멀 여행,C 숫자·기간·규모 대비,YouTube Data API videos.list에서 snippet.publishedAt과 statistics.viewCount가 동시에 확인됨,"YouTube Data API videos.list(part=snippet,statistics)"
YouTube,신혼부부가 적금깨서 가는 전설의 신혼 여행지 (혼자 간 노홍철),노홍철,2025-03-13T09:15:04Z,755318,2026-08-27T10:28:06Z,https://www.youtube.com/watch?v=dQdzo2irvmg,부부 여행,F 관계의 마찰·합의,YouTube Data API videos.list에서 snippet.publishedAt과 statistics.viewCount가 동시에 확인됨,"YouTube Data API videos.list(part=snippet,statistics)"
YouTube,유럽유행 준비물 잘산템 7가지 추천!! 이거 꼭 챙겨가세요 #유럽여행 #유럽소매치기 #신혼여행,팡팡쀼 PangPangCouple,2024-11-01T11:20:38Z,526191,2026-08-27T10:28:06Z,https://www.youtube.com/watch?v=pX80RJjglmg,신혼여행,A 선택 + 제약,YouTube Data API videos.list에서 snippet.publishedAt과 statistics.viewCount가 동시에 확인됨,"YouTube Data API videos.list(part=snippet,statistics)"
YouTube,여행을 색다르게 기록하는 방법..? #shorts,쥬니홈,2025-09-24T09:50:01Z,463296,2026-08-27T10:28:06Z,https://www.youtube.com/watch?v=5ibkK4Akc7Q,여행 기록,H 기록 방식 / 남긴 것,YouTube Data API videos.list에서 snippet.publishedAt과 statistics.viewCount가 동시에 확인됨,"YouTube Data API videos.list(part=snippet,statistics)"
YouTube,유럽여행! 쓰레기로 여행 짐싸기,오늘무해프라우허,2025-08-27T11:21:58Z,2426222,2026-08-27T10:28:06Z,https://www.youtube.com/watch?v=vbTPSs0g6u4,여행 준비/짐,J 특정 상황의 실행 팁,YouTube Data API videos.list에서 snippet.publishedAt과 statistics.viewCount가 동시에 확인됨,"YouTube Data API videos.list(part=snippet,statistics)"
YouTube,한국인이 해외여행 갈 때 자주 하는 실수 TOP5,짤컷,2024-06-06T09:00:17Z,4695183,2026-08-27T10:28:06Z,https://www.youtube.com/watch?v=OSEhS3bk5b0,여행 후기/장면,E 기대 vs 실제 / 실수·수정,YouTube Data API videos.list에서 snippet.publishedAt과 statistics.viewCount가 동시에 확인됨,"YouTube Data API videos.list(part=snippet,statistics)"
YouTube,한달 30만원이면 살 수 있는 한달살기 천국 치앙마이 근황,박엥겍 ParkEngKeck,2026-03-14T01:15:00Z,249078,2026-08-27T10:28:06Z,https://www.youtube.com/watch?v=GDBdxbC6crc,장기여행/한달살기,G 현지의 비관광 장면,YouTube Data API videos.list에서 snippet.publishedAt과 statistics.viewCount가 동시에 확인됨,"YouTube Data API videos.list(part=snippet,statistics)"
YouTube,방콕 8박9일 위탁수하물 없이 가능해? | 항공비 16만9천원 개꿀💰 #방콕여행 #기내용캐리어 #짐싸기 #shorts,미션리플레이,2024-06-28T06:54:15Z,41617,2026-08-27T10:28:06Z,https://www.youtube.com/watch?v=KFpoMQAU1cY,미니멀 여행,D 비용·짐·동선 절감,YouTube Data API videos.list에서 snippet.publishedAt과 statistics.viewCount가 동시에 확인됨,"YouTube Data API videos.list(part=snippet,statistics)"
YouTube,부부가 해외여행 가야하는 이유,위라클 WERACLE,2025-10-25T02:04:20Z,708726,2026-08-27T10:28:06Z,https://www.youtube.com/watch?v=VoLEyXc-USA,부부 여행,F 관계의 마찰·합의,YouTube Data API videos.list에서 snippet.publishedAt과 statistics.viewCount가 동시에 확인됨,"YouTube Data API videos.list(part=snippet,statistics)"
YouTube,금액대별 신혼여행지 추천!!,여행가족부,2023-07-12T08:25:39Z,522224,2026-08-27T10:28:06Z,https://www.youtube.com/watch?v=rwyEjJBispA,신혼여행,A 선택 + 제약,YouTube Data API videos.list에서 snippet.publishedAt과 statistics.viewCount가 동시에 확인됨,"YouTube Data API videos.list(part=snippet,statistics)"
YouTube,베트남 여행시 이거 꼭 조심하세요  #베트남여행 #나트랑여행 #나트랑 #여행 #김미푸드 #레몬 #라임 #조심 #베트남여행준비 #여행기록 #기록,김미푸드,2024-08-04T23:44:06Z,411322,2026-08-27T10:28:06Z,https://www.youtube.com/watch?v=p3OSjd01cTE,여행 기록,H 기록 방식 / 남긴 것,YouTube Data API videos.list에서 snippet.publishedAt과 statistics.viewCount가 동시에 확인됨,"YouTube Data API videos.list(part=snippet,statistics)"
YouTube,영어로 입국 심사하기- 5가지 많이 나오는 질문 및 답변👮,NehemTV,2023-03-15T11:34:01Z,2350861,2026-08-27T10:28:06Z,https://www.youtube.com/watch?v=7z-lY4CqTZc,여행 준비/짐,C 숫자·기간·규모 대비,YouTube Data API videos.list에서 snippet.publishedAt과 statistics.viewCount가 동시에 확인됨,"YouTube Data API videos.list(part=snippet,statistics)"
YouTube,전직 7년차 승무원 찐추천! 여행꿀템 3가지 ✈️ #공구예고 💛,됴미,2024-08-06T13:06:48Z,4277936,2026-08-27T10:28:06Z,https://www.youtube.com/watch?v=0GFp_yy0MBE,여행 후기/장면,A 선택 + 제약,YouTube Data API videos.list에서 snippet.publishedAt과 statistics.viewCount가 동시에 확인됨,"YouTube Data API videos.list(part=snippet,statistics)"
YouTube,"100만원이면 귀족처럼 산다는 ""태국 한달살기"" 직접 떠나봤습니다. (반전주의)",태미월드 Tami World,2026-06-21T03:00:39Z,216788,2026-08-27T10:28:06Z,https://www.youtube.com/watch?v=MTCCQGIGkqw,장기여행/한달살기,E 기대 vs 실제 / 실수·수정,YouTube Data API videos.list에서 snippet.publishedAt과 statistics.viewCount가 동시에 확인됨,"YouTube Data API videos.list(part=snippet,statistics)"
YouTube,미니멀 짐 싸기 | 최대한 실천하는 제로웨이스트 | 소비❌ 새로 사지 않고 여행 준비 어때요,망구미,2023-09-04T06:05:40Z,39754,2026-08-27T10:28:06Z,https://www.youtube.com/watch?v=V9VGYVK5xiw,미니멀 여행,A 선택 + 제약,YouTube Data API videos.list에서 snippet.publishedAt과 statistics.viewCount가 동시에 확인됨,"YouTube Data API videos.list(part=snippet,statistics)"
YouTube,뚜벅이 커플 여행할 때ㅋㅋㅋ,슈뢰딩거의고양이,2024-09-08T08:50:00Z,645407,2026-08-27T10:28:06Z,https://www.youtube.com/watch?v=ILIle82xhOA,부부 여행,F 관계의 마찰·합의,YouTube Data API videos.list에서 snippet.publishedAt과 statistics.viewCount가 동시에 확인됨,"YouTube Data API videos.list(part=snippet,statistics)"
YouTube,요즘 핫한 신혼여행지 TOP8,왕꼬네,2025-04-21T11:01:13Z,386106,2026-08-27T10:28:06Z,https://www.youtube.com/watch?v=jQRy_XcFJO4,신혼여행,F 관계의 마찰·합의,YouTube Data API videos.list에서 snippet.publishedAt과 statistics.viewCount가 동시에 확인됨,"YouTube Data API videos.list(part=snippet,statistics)"
YouTube,10초만에 일본여행 기록하는 법☁️,수마일_soomile,2025-09-10T09:15:03Z,409270,2026-08-27T10:28:06Z,https://www.youtube.com/watch?v=I7r8GSKhoUk,여행 기록,H 기록 방식 / 남긴 것,YouTube Data API videos.list에서 snippet.publishedAt과 statistics.viewCount가 동시에 확인됨,"YouTube Data API videos.list(part=snippet,statistics)"
YouTube,공항에서 일반석을 비즈니스석으로 바꾸는 꿀팁 #shorts,YTN 사이언스,2022-08-11T07:00:31Z,2291996,2026-08-27T10:28:06Z,https://www.youtube.com/watch?v=shbIiQ2u9Ro,여행 준비/짐,C 숫자·기간·규모 대비,YouTube Data API videos.list에서 snippet.publishedAt과 statistics.viewCount가 동시에 확인됨,"YouTube Data API videos.list(part=snippet,statistics)"
YouTube,짐 없이 카드 한장 들고 해외여행 가보기✈️,독고독채널,2025-05-06T13:01:46Z,4134274,2026-08-27T10:28:06Z,https://www.youtube.com/watch?v=tuMYpekreCU,여행 후기/장면,D 비용·짐·동선 절감,YouTube Data API videos.list에서 snippet.publishedAt과 statistics.viewCount가 동시에 확인됨,"YouTube Data API videos.list(part=snippet,statistics)"
YouTube,"""11년간 4억 탕진"" 태국에 집 한채 날려가며 깨달은 한달살기 주의사항 5가지 - 태국 세계여행 [206]",방스 BangkokStory,2024-09-12T09:00:52Z,193678,2026-08-27T10:28:06Z,https://www.youtube.com/watch?v=GraDJE7_zD4,장기여행/한달살기,E 기대 vs 실제 / 실수·수정,YouTube Data API videos.list에서 snippet.publishedAt과 statistics.viewCount가 동시에 확인됨,"YouTube Data API videos.list(part=snippet,statistics)"
YouTube,🇮🇳EP.14 가방 7kg지만 드라이기랑 멀티탭까지 들고다니는 나 어떤데..? 미니멀리스트가 되고 싶은 나 인도여행 준비물,"세나, 집순이의 세계여행 SENA",2023-08-02T10:09:52Z,31915,2026-08-27T10:28:06Z,https://www.youtube.com/watch?v=XSdAEc_3otc,미니멀 여행,C 숫자·기간·규모 대비,YouTube Data API videos.list에서 snippet.publishedAt과 statistics.viewCount가 동시에 확인됨,"YouTube Data API videos.list(part=snippet,statistics)"
YouTube,커플이 여행가서 추억 남기는 방법ㅋㅋ🇹🇭,푸들커플,2025-09-05T10:05:49Z,604059,2026-08-27T10:28:06Z,https://www.youtube.com/watch?v=mrB03JzhE7Y,부부 여행,F 관계의 마찰·합의,YouTube Data API videos.list에서 snippet.publishedAt과 statistics.viewCount가 동시에 확인됨,"YouTube Data API videos.list(part=snippet,statistics)"
YouTube,"유럽 신혼여행, 너.. 금액이 어떻게 되니?? | 유럽 신혼여행 예산대 별 가이드 | 저렴하게 유럽 신행 가는 법?",허니문리조트,2026-02-23T09:00:01Z,244548,2026-08-27T10:28:06Z,https://www.youtube.com/watch?v=-Hp4bc4wj-k,신혼여행,F 관계의 마찰·합의,YouTube Data API videos.list에서 snippet.publishedAt과 statistics.viewCount가 동시에 확인됨,"YouTube Data API videos.list(part=snippet,statistics)"
YouTube,[Vlog] 정원의 아이슬란드 여행 브이로그❄️ - ENHYPEN (엔하이픈),ENHYPEN,2026-04-30T14:00:02Z,370432,2026-08-27T10:28:06Z,https://www.youtube.com/watch?v=E542JignpiE,여행 기록,H 기록 방식 / 남긴 것,YouTube Data API videos.list에서 snippet.publishedAt과 statistics.viewCount가 동시에 확인됨,"YouTube Data API videos.list(part=snippet,statistics)"
YouTube,오늘은 빠르게 2박 3일 여행 ❤️ 프로필 클릭 후에 링크에 들어가시면 구매하실 수 있어요! #가방 #백팩 #여행 #출장,벡스 | 대한민국 대표 진공백팩,2025-09-01T03:05:13Z,2119696,2026-08-27T10:28:06Z,https://www.youtube.com/watch?v=jetEwPCEpnE,여행 준비/짐,C 숫자·기간·규모 대비,YouTube Data API videos.list에서 snippet.publishedAt과 statistics.viewCount가 동시에 확인됨,"YouTube Data API videos.list(part=snippet,statistics)"
YouTube,호주여행 갈 때 절대 가지고가면 안 되는 것,요조 yozo_haus,2024-10-28T13:01:11Z,2852158,2026-08-27T10:28:06Z,https://www.youtube.com/watch?v=teIBCt0LNmo,여행 후기/장면,C 숫자·기간·규모 대비,YouTube Data API videos.list에서 snippet.publishedAt과 statistics.viewCount가 동시에 확인됨,"YouTube Data API videos.list(part=snippet,statistics)"
YouTube,여자 혼자 발리 한달살기 총 비용은? 👩🏻‍💻,예프리 Yefree,2024-10-12T12:56:14Z,135377,2026-08-27T10:28:06Z,https://www.youtube.com/watch?v=8F6X1i9J4Uw,장기여행/한달살기,G 현지의 비관광 장면,YouTube Data API videos.list에서 snippet.publishedAt과 statistics.viewCount가 동시에 확인됨,"YouTube Data API videos.list(part=snippet,statistics)"
YouTube,백팩 하나로 미니멀하게 여행 짐싸기,세라,2025-03-10T12:41:30Z,31037,2026-08-27T10:28:06Z,https://www.youtube.com/watch?v=g0FgJEvhKZ8,미니멀 여행,J 특정 상황의 실행 팁,YouTube Data API videos.list에서 snippet.publishedAt과 statistics.viewCount가 동시에 확인됨,"YouTube Data API videos.list(part=snippet,statistics)"
YouTube,730일간의 76개국 부부 세계여행 ㅣ 30대 부부의 세계여행 총정리,마들로바 Madloba,2023-09-20T09:02:00Z,557659,2026-08-27T10:28:06Z,https://www.youtube.com/watch?v=f2TamTDRXPw,부부 여행,F 관계의 마찰·합의,YouTube Data API videos.list에서 snippet.publishedAt과 statistics.viewCount가 동시에 확인됨,"YouTube Data API videos.list(part=snippet,statistics)"
YouTube,몰디브 총 경비💸 어떤가요? 예상보다 비쌌는지 댓글로 알려주세요! #몰디브 #몰디브신혼여행 #몰디브허니문 #몰디브예산 #몰디브경비 #몰디브비용 #몰디브총예산 #maldives,쭈라다이스,2025-04-20T05:54:14Z,175733,2026-08-27T10:28:06Z,https://www.youtube.com/watch?v=oPjuhgdMGCY,신혼여행,F 관계의 마찰·합의,YouTube Data API videos.list에서 snippet.publishedAt과 statistics.viewCount가 동시에 확인됨,"YouTube Data API videos.list(part=snippet,statistics)"
YouTube,악명높은 미국 입국심사도 프리패스 하는 꿀팁💛 #입국심사 #입국 #미국 #미국여행 #미국여행브이로그 #뉴욕 #뉴욕여행 #la여행 #샌프란시스코여행 #라스베가스여행,렛츠고헤이즐,2024-03-07T10:41:49Z,317034,2026-08-27T10:28:06Z,https://www.youtube.com/watch?v=RfgtEJuzusQ,여행 기록,H 기록 방식 / 남긴 것,YouTube Data API videos.list에서 snippet.publishedAt과 statistics.viewCount가 동시에 확인됨,"YouTube Data API videos.list(part=snippet,statistics)"
YouTube,앞으로 공항가기 전에 이 4가지 꼭 확인하세요!,자유로운이안 freeiaan,2025-02-27T09:01:03Z,2005345,2026-08-27T10:28:06Z,https://www.youtube.com/watch?v=tsucmJojZGg,여행 준비/짐,C 숫자·기간·규모 대비,YouTube Data API videos.list에서 snippet.publishedAt과 statistics.viewCount가 동시에 확인됨,"YouTube Data API videos.list(part=snippet,statistics)"
YouTube,실망스러운 다낭여행,테디여행기 TeddyTravelogue,2023-05-04T09:00:31Z,2788137,2026-08-27T10:28:06Z,https://www.youtube.com/watch?v=YalrZ-oNCgc,여행 후기/장면,J 특정 상황의 실행 팁,YouTube Data API videos.list에서 snippet.publishedAt과 statistics.viewCount가 동시에 확인됨,"YouTube Data API videos.list(part=snippet,statistics)"
YouTube,동남아 한달살기 현실적으로 얼마나 필요할까?,주말남,2026-04-08T11:37:45Z,94730,2026-08-27T10:28:06Z,https://www.youtube.com/watch?v=fhbpMo4NFEo,장기여행/한달살기,E 기대 vs 실제 / 실수·수정,YouTube Data API videos.list에서 snippet.publishedAt과 statistics.viewCount가 동시에 확인됨,"YouTube Data API videos.list(part=snippet,statistics)"
YouTube,"해외여행 누가 백팩 들고 감? 그게 바로 나에요..🎒2박3일 짐 줄여주는 아이템 대방출!! NO광고❌,내돈내산 (일본,후쿠오카)",이서 LEESEO,2025-12-24T09:00:18Z,29285,2026-08-27T10:28:06Z,https://www.youtube.com/watch?v=Ar6opwO2JmY,미니멀 여행,D 비용·짐·동선 절감,YouTube Data API videos.list에서 snippet.publishedAt과 statistics.viewCount가 동시에 확인됨,"YouTube Data API videos.list(part=snippet,statistics)"
YouTube,커플여행 다신 안 가,루키치,2024-11-24T03:15:05Z,552001,2026-08-27T10:28:06Z,https://www.youtube.com/watch?v=mBaVc9pakBA,부부 여행,F 관계의 마찰·합의,YouTube Data API videos.list에서 snippet.publishedAt과 statistics.viewCount가 동시에 확인됨,"YouTube Data API videos.list(part=snippet,statistics)"
YouTube,유럽 신혼여행 생각중인가요?,해피씨쀼 | 아내바라기 남편의 부부 재테크,2025-07-04T09:33:12Z,170210,2026-08-27T10:28:06Z,https://www.youtube.com/watch?v=FcMidOLidcg,신혼여행,F 관계의 마찰·합의,YouTube Data API videos.list에서 snippet.publishedAt과 statistics.viewCount가 동시에 확인됨,"YouTube Data API videos.list(part=snippet,statistics)"
YouTube,"나혼자 상하이🥠이대로 딱! 풀코스 상하이 여행 브이로그(야경스팟,숙소,여행준비,어플,맛집, 관광 꽉꽉) 상하이1",sookoh 수코,2026-06-02T09:10:47Z,316751,2026-08-27T10:28:06Z,https://www.youtube.com/watch?v=w3zbNGCOYu0,여행 기록,H 기록 방식 / 남긴 것,YouTube Data API videos.list에서 snippet.publishedAt과 statistics.viewCount가 동시에 확인됨,"YouTube Data API videos.list(part=snippet,statistics)"
YouTube,#아이셋 삼남매엄마가 여행 짐싸는 법#packing,단단홈,2025-08-12T01:06:27Z,1990601,2026-08-27T10:28:06Z,https://www.youtube.com/watch?v=ACSATZt7MyE,여행 준비/짐,J 특정 상황의 실행 팁,YouTube Data API videos.list에서 snippet.publishedAt과 statistics.viewCount가 동시에 확인됨,"YouTube Data API videos.list(part=snippet,statistics)"
YouTube,항공권을 가장 저렴하게 구매하는 비법,짤컷,2023-06-18T09:00:13Z,2780187,2026-08-27T10:28:06Z,https://www.youtube.com/watch?v=NtaY4F6I1rE,여행 후기/장면,J 특정 상황의 실행 팁,YouTube Data API videos.list에서 snippet.publishedAt과 statistics.viewCount가 동시에 확인됨,"YouTube Data API videos.list(part=snippet,statistics)"
YouTube,🇹🇭 현실적인 치앙마이 한달살기 비용 정리,주홍순,2025-01-26T11:27:00Z,86347,2026-08-27T10:28:06Z,https://www.youtube.com/watch?v=MxABF_f9JSw,장기여행/한달살기,E 기대 vs 실제 / 실수·수정,YouTube Data API videos.list에서 snippet.publishedAt과 statistics.viewCount가 동시에 확인됨,"YouTube Data API videos.list(part=snippet,statistics)"
YouTube,"세계여행자가 추천하는 백패킹, 배낭여행 추천 준비물!",하이커제리,2025-02-23T12:40:20Z,21544,2026-08-27T10:28:06Z,https://www.youtube.com/watch?v=Lw_i1OMC8oY,미니멀 여행,A 선택 + 제약,YouTube Data API videos.list에서 snippet.publishedAt과 statistics.viewCount가 동시에 확인됨,"YouTube Data API videos.list(part=snippet,statistics)"
YouTube,'커플들의 꿈의 여행지'라던데... 진짜 좋을까요? | 멕시코 칸쿤 솔직 리뷰,또 떠나는 남자 ddoddunam,2026-02-22T08:11:31Z,321554,2026-08-27T10:28:06Z,https://www.youtube.com/watch?v=i9Vw31_laXk,부부 여행,F 관계의 마찰·합의,YouTube Data API videos.list에서 snippet.publishedAt과 statistics.viewCount가 동시에 확인됨,"YouTube Data API videos.list(part=snippet,statistics)"
YouTube,노홍철이 새해를 맞아 세계 최고의 신혼여행지를 찾아간 이유는? (3대 명소),노홍철,2026-01-29T09:15:07Z,169376,2026-08-27T10:28:06Z,https://www.youtube.com/watch?v=_C-v7p72PIc,신혼여행,F 관계의 마찰·합의,YouTube Data API videos.list에서 snippet.publishedAt과 statistics.viewCount가 동시에 확인됨,"YouTube Data API videos.list(part=snippet,statistics)"
YouTube,"여행짐싸기 브이로그, 짐줄이는 꿀팁🧳",POEY,2023-10-18T07:14:17Z,308184,2026-08-27T10:28:06Z,https://www.youtube.com/watch?v=08LlONTtLVM,여행 기록,D 비용·짐·동선 절감,YouTube Data API videos.list에서 snippet.publishedAt과 statistics.viewCount가 동시에 확인됨,"YouTube Data API videos.list(part=snippet,statistics)"
YouTube,쓸모없는 해외여행 준비물 1위,김블루,2025-04-01T03:00:41Z,1854127,2026-08-27T10:28:06Z,https://www.youtube.com/watch?v=ZW0RvwxlnzI,여행 준비/짐,C 숫자·기간·규모 대비,YouTube Data API videos.list에서 snippet.publishedAt과 statistics.viewCount가 동시에 확인됨,"YouTube Data API videos.list(part=snippet,statistics)"
YouTube,일본 여행 시 놀라는 이유🙄😯#shorts#일본#일본여행,스과장,2023-01-24T06:14:00Z,2736302,2026-08-27T10:28:06Z,https://www.youtube.com/watch?v=GEPoZzvt5Vk,여행 후기/장면,C 숫자·기간·규모 대비,YouTube Data API videos.list에서 snippet.publishedAt과 statistics.viewCount가 동시에 확인됨,"YouTube Data API videos.list(part=snippet,statistics)"
YouTube,🇹🇭치앙마이 한달살기 입문자를 위한 모든 것 (비용·숙소·지역·준비·단점),난나의 한달일기 Nanna,2025-09-23T02:30:22Z,75824,2026-08-27T10:28:06Z,https://www.youtube.com/watch?v=UGgNI-uMYz4,장기여행/한달살기,E 기대 vs 실제 / 실수·수정,YouTube Data API videos.list에서 snippet.publishedAt과 statistics.viewCount가 동시에 확인됨,"YouTube Data API videos.list(part=snippet,statistics)"
YouTube,"멕시코 배낭여행 준비, 위탁X 기내가방 2개로 짐싸기 | 중남미 배낭여행 가방 추천 | 짐 똑똑하게 싸는 법",미국신혼일기,2024-09-21T06:51:10Z,21421,2026-08-27T10:28:06Z,https://www.youtube.com/watch?v=UvNBvz-2I48,미니멀 여행,A 선택 + 제약,YouTube Data API videos.list에서 snippet.publishedAt과 statistics.viewCount가 동시에 확인됨,"YouTube Data API videos.list(part=snippet,statistics)"
