channel,channel_id,video_id,title,published_at_utc,public_view_count,retrieved_at_utc,canonical_url,source
플팽부부,UCsEfn-G__mrwWwhw2cZKu6Q,PQhl0wxP4Ro,전세돈 빼서 헝가리에 집을 산... 2년 그 이후 / 플펭 세계여행,2025-09-08T00:00:32Z,249482,2026-08-28T21:06:41Z,https://www.youtube.com/watch?v=PQhl0wxP4Ro,"YouTube Data API search.list(order=viewCount,channelId)->videos.list(snippet,statistics)"
플팽부부,UCsEfn-G__mrwWwhw2cZKu6Q,MMWht2iTccE,전세돈 빼서 헝가리에 집 사러 갑니다 /유럽살이 하는 파이어족 부부 세계여행,2023-10-12T06:00:11Z,189657,2026-08-28T21:06:41Z,https://www.youtube.com/watch?v=MMWht2iTccE,"YouTube Data API search.list(order=viewCount,channelId)->videos.list(snippet,statistics)"
플팽부부,UCsEfn-G__mrwWwhw2cZKu6Q,b70fZeihLrE,"무너지고 있는 유럽으로 이사 온 우리, 유럽살이 희망은 없는가 / 플펭 부부 유럽살이, 헝가리",2024-10-12T18:00:17Z,137880,2026-08-28T21:06:41Z,https://www.youtube.com/watch?v=b70fZeihLrE,"YouTube Data API search.list(order=viewCount,channelId)->videos.list(snippet,statistics)"
플팽부부,UCsEfn-G__mrwWwhw2cZKu6Q,5nu7A3T3mOo,"유럽, 한국 관광객이 사라졌다 / 플펭 유럽살이, 헝가리, 부다페스트",2025-10-30T00:00:15Z,104733,2026-08-28T21:06:41Z,https://www.youtube.com/watch?v=5nu7A3T3mOo,"YouTube Data API search.list(order=viewCount,channelId)->videos.list(snippet,statistics)"
시칠리안 SICILIAN,UCchu6XLsbV9PISj5b7XArQA,ZGVNAIn3ciM,직접 살아본 치앙마이 숙소의 모든 것 [시칠리안 태국15]_초성수기 한달살기 숙소 구하기,2023-01-29T02:30:25Z,491952,2026-08-28T21:06:41Z,https://www.youtube.com/watch?v=ZGVNAIn3ciM,"YouTube Data API search.list(order=viewCount,channelId)->videos.list(snippet,statistics)"
시칠리안 SICILIAN,UCchu6XLsbV9PISj5b7XArQA,qaARYPJqoYI,불경기에 현실감 없이 여행하며 사는 부부의 발리 우붓 일상 [시칠리안 인도네시아 02],2023-04-16T01:45:01Z,459938,2026-08-28T21:06:41Z,https://www.youtube.com/watch?v=qaARYPJqoYI,"YouTube Data API search.list(order=viewCount,channelId)->videos.list(snippet,statistics)"
시칠리안 SICILIAN,UCchu6XLsbV9PISj5b7XArQA,k8QF6TVoWWU,태국 교복입고 치앙마이 대학교 신입생 되어보기 [시칠리안 태국10]_캠퍼스 데이트,2022-12-18T07:00:12Z,389493,2026-08-28T21:06:41Z,https://www.youtube.com/watch?v=k8QF6TVoWWU,"YouTube Data API search.list(order=viewCount,channelId)->videos.list(snippet,statistics)"
시칠리안 SICILIAN,UCchu6XLsbV9PISj5b7XArQA,C-EmuShSGkY,더 이상 예전같지 않은 발리의 놀라운 현재 상황,2025-05-11T00:00:09Z,346878,2026-08-28T21:06:41Z,https://www.youtube.com/watch?v=C-EmuShSGkY,"YouTube Data API search.list(order=viewCount,channelId)->videos.list(snippet,statistics)"
시칠리안 SICILIAN,UCchu6XLsbV9PISj5b7XArQA,FP6hUKtTYlU,비치클럽 vip보다 노을 하나에 더 행복한 발리 짱구 일상[시칠리안 인도네시아 03],2023-04-23T03:15:00Z,340954,2026-08-28T21:06:41Z,https://www.youtube.com/watch?v=FP6hUKtTYlU,"YouTube Data API search.list(order=viewCount,channelId)->videos.list(snippet,statistics)"
시칠리안 SICILIAN,UCchu6XLsbV9PISj5b7XArQA,pBI7HvgKbg0,코스 요리가 무제한!! 전 세계 딱 하나 뿐인 하와이 크루즈 7박8일 탑승기,2025-07-13T00:00:51Z,313846,2026-08-28T21:06:41Z,https://www.youtube.com/watch?v=pBI7HvgKbg0,"YouTube Data API search.list(order=viewCount,channelId)->videos.list(snippet,statistics)"
시칠리안 SICILIAN,UCchu6XLsbV9PISj5b7XArQA,vBbmg0cQjxc,숨만 쉬어도 돈이 나간다는 하와이 여행의 충격적인 하루 경비 공개,2025-08-03T00:01:03Z,309417,2026-08-28T21:06:41Z,https://www.youtube.com/watch?v=vBbmg0cQjxc,"YouTube Data API search.list(order=viewCount,channelId)->videos.list(snippet,statistics)"
시칠리안 SICILIAN,UCchu6XLsbV9PISj5b7XArQA,RvXofhMxpb0,1800원짜리 미슐랭 맛집 / 방콕 최신 핫플 차이나타운 야시장 [시칠리안 태국 20],2023-03-05T02:00:08Z,299162,2026-08-28T21:06:41Z,https://www.youtube.com/watch?v=RvXofhMxpb0,"YouTube Data API search.list(order=viewCount,channelId)->videos.list(snippet,statistics)"
시칠리안 SICILIAN,UCchu6XLsbV9PISj5b7XArQA,Pj7FC-6WS8w,물 속에 들어가야 행복한 발리 옆 작은 섬 길리 여행 [시칠리안 인도네시아 09],2023-06-04T06:15:12Z,280072,2026-08-28T21:06:41Z,https://www.youtube.com/watch?v=Pj7FC-6WS8w,"YouTube Data API search.list(order=viewCount,channelId)->videos.list(snippet,statistics)"
시칠리안 SICILIAN,UCchu6XLsbV9PISj5b7XArQA,CRqjECsK3k4,요즘 한국인들에게 난리난 여행지 푸꾸옥의 현실,2024-11-03T01:00:06Z,258944,2026-08-28T21:06:41Z,https://www.youtube.com/watch?v=CRqjECsK3k4,"YouTube Data API search.list(order=viewCount,channelId)->videos.list(snippet,statistics)"
시칠리안 SICILIAN,UCchu6XLsbV9PISj5b7XArQA,GK6AF68408o,여기 한국맞아? 나만 알고 싶은 제주도 비밀 물놀이 스팟 공개합니다,2024-08-11T00:00:12Z,257825,2026-08-28T21:06:41Z,https://www.youtube.com/watch?v=GK6AF68408o,"YouTube Data API search.list(order=viewCount,channelId)->videos.list(snippet,statistics)"
시칠리안 SICILIAN,UCchu6XLsbV9PISj5b7XArQA,AV6R0uYl3Y4,치앙마이에서 태국 전통의상 입고 올드타운 누비기 [시칠리안 태국14],2023-01-22T12:45:00Z,257803,2026-08-28T21:06:41Z,https://www.youtube.com/watch?v=AV6R0uYl3Y4,"YouTube Data API search.list(order=viewCount,channelId)->videos.list(snippet,statistics)"
시칠리안 SICILIAN,UCchu6XLsbV9PISj5b7XArQA,g2XIVonk9U4,우리 부부가 안정적인 삶을 포기하고 잘나가는 직장을 그만둔 진짜 이유,2025-09-28T00:01:00Z,254370,2026-08-28T21:06:41Z,https://www.youtube.com/watch?v=g2XIVonk9U4,"YouTube Data API search.list(order=viewCount,channelId)->videos.list(snippet,statistics)"
시칠리안 SICILIAN,UCchu6XLsbV9PISj5b7XArQA,vz5Ltprfh4I,"발리보다 더 좋다는, 한국인만 모르는 미지의 섬",2025-05-18T00:01:03Z,251876,2026-08-28T21:06:41Z,https://www.youtube.com/watch?v=vz5Ltprfh4I,"YouTube Data API search.list(order=viewCount,channelId)->videos.list(snippet,statistics)"
시칠리안 SICILIAN,UCchu6XLsbV9PISj5b7XArQA,-s6KhZfdVVQ,"한국에서 가장 가까운 최고의 휴양지, 가족여행은 그냥 여기로 가세요!",2026-03-15T01:00:00Z,237288,2026-08-28T21:06:41Z,https://www.youtube.com/watch?v=-s6KhZfdVVQ,"YouTube Data API search.list(order=viewCount,channelId)->videos.list(snippet,statistics)"
시칠리안 SICILIAN,UCchu6XLsbV9PISj5b7XArQA,xOCSFw7drDY,오로지 쇼핑하러 떠난 풀소유 부부의 1박2일 후쿠오카 쇼핑 리스트,2025-10-26T00:01:09Z,229836,2026-08-28T21:06:41Z,https://www.youtube.com/watch?v=xOCSFw7drDY,"YouTube Data API search.list(order=viewCount,channelId)->videos.list(snippet,statistics)"
시칠리안 SICILIAN,UCchu6XLsbV9PISj5b7XArQA,skuN5U-8NBo,"오버투어리즘, 소매치기, 높은 물가로 혼란스럽다는 로마 최신 근황",2026-06-21T01:00:22Z,225897,2026-08-28T21:06:41Z,https://www.youtube.com/watch?v=skuN5U-8NBo,"YouTube Data API search.list(order=viewCount,channelId)->videos.list(snippet,statistics)"
시칠리안 SICILIAN,UCchu6XLsbV9PISj5b7XArQA,1t9lki568cQ,유튜브 수익 적자인 부부가 세계여행을 계속 할 수 있는 이유 [상해 02],2023-11-05T01:15:20Z,225068,2026-08-28T21:06:41Z,https://www.youtube.com/watch?v=1t9lki568cQ,"YouTube Data API search.list(order=viewCount,channelId)->videos.list(snippet,statistics)"
시칠리안 SICILIAN,UCchu6XLsbV9PISj5b7XArQA,0PbuYOqB0qQ,스위스보다 이탈리아 돌로미티를 가야하는 확실한 이유,2025-06-15T00:00:01Z,222395,2026-08-28T21:06:41Z,https://www.youtube.com/watch?v=0PbuYOqB0qQ,"YouTube Data API search.list(order=viewCount,channelId)->videos.list(snippet,statistics)"
시칠리안 SICILIAN,UCchu6XLsbV9PISj5b7XArQA,K-BB1r4SnVo,먹고 자고 하루 35만원에 모든게 포함?!! 미친 물가 하와이를 가장 저렴하게 여행하는 방법 [몰아보기],2026-01-11T01:00:34Z,220477,2026-08-28T21:06:41Z,https://www.youtube.com/watch?v=K-BB1r4SnVo,"YouTube Data API search.list(order=viewCount,channelId)->videos.list(snippet,statistics)"
시칠리안 SICILIAN,UCchu6XLsbV9PISj5b7XArQA,q2lA3oH2CHI,세계여행 중 처음으로 평생 눌러 살고 싶은 도시가 생겼어요,2024-09-29T00:00:34Z,218314,2026-08-28T21:06:41Z,https://www.youtube.com/watch?v=q2lA3oH2CHI,"YouTube Data API search.list(order=viewCount,channelId)->videos.list(snippet,statistics)"
시칠리안 SICILIAN,UCchu6XLsbV9PISj5b7XArQA,00AHGCtQWLE,우리가 기록적인 폭염을 뚫고 대만에 온 이유 [대만 01] _타이페이,2023-08-20T01:00:00Z,215202,2026-08-28T21:06:41Z,https://www.youtube.com/watch?v=00AHGCtQWLE,"YouTube Data API search.list(order=viewCount,channelId)->videos.list(snippet,statistics)"
시칠리안 SICILIAN,UCchu6XLsbV9PISj5b7XArQA,SLc7Fy9vyS8,여행을 포기할 만큼 심각하다는 유럽 인종차별과 치안 현재 상황,2025-07-06T00:00:35Z,212317,2026-08-28T21:06:41Z,https://www.youtube.com/watch?v=SLc7Fy9vyS8,"YouTube Data API search.list(order=viewCount,channelId)->videos.list(snippet,statistics)"
시칠리안 SICILIAN,UCchu6XLsbV9PISj5b7XArQA,bNWBZE48Lmg,아이 없이 사는 14년차 부부의 말 못했던 속사정,2025-03-09T01:00:24Z,208551,2026-08-28T21:06:41Z,https://www.youtube.com/watch?v=bNWBZE48Lmg,"YouTube Data API search.list(order=viewCount,channelId)->videos.list(snippet,statistics)"
시칠리안 SICILIAN,UCchu6XLsbV9PISj5b7XArQA,dhR-JGsVurg,방콕에서 가장 핫한 조드페어 야시장에서 먹방찍기 [시칠리안 태국19]_랭쎕 맛집,2023-02-26T02:45:04Z,206993,2026-08-28T21:06:41Z,https://www.youtube.com/watch?v=dhR-JGsVurg,"YouTube Data API search.list(order=viewCount,channelId)->videos.list(snippet,statistics)"
시칠리안 SICILIAN,UCchu6XLsbV9PISj5b7XArQA,36O6yVuPwBs,돈을 써야 즐거운 방콕 초호화 라이프 [시칠리안 태국 21]_무카타 | 태국부동산 | 방콕호텔추천,2023-03-12T02:15:00Z,204143,2026-08-28T21:06:41Z,https://www.youtube.com/watch?v=36O6yVuPwBs,"YouTube Data API search.list(order=viewCount,channelId)->videos.list(snippet,statistics)"
시칠리안 SICILIAN,UCchu6XLsbV9PISj5b7XArQA,5miPiL6lNGk,변해도 너무 변한 충격적인 필리핀의 모습들,2025-01-12T01:00:04Z,201208,2026-08-28T21:06:41Z,https://www.youtube.com/watch?v=5miPiL6lNGk,"YouTube Data API search.list(order=viewCount,channelId)->videos.list(snippet,statistics)"
시칠리안 SICILIAN,UCchu6XLsbV9PISj5b7XArQA,cqZQSEo_gSU,올해는 무조건 여기!! 스위스보다 이탈리아 돌로미티를 가야하는 확실한 이유 [몰아보기],2026-02-15T01:00:43Z,200356,2026-08-28T21:06:41Z,https://www.youtube.com/watch?v=cqZQSEo_gSU,"YouTube Data API search.list(order=viewCount,channelId)->videos.list(snippet,statistics)"
시칠리안 SICILIAN,UCchu6XLsbV9PISj5b7XArQA,kFYlnLcjHf4,외국인들에게 점령당한 북한산 현재 상황,2026-03-29T01:00:38Z,199422,2026-08-28T21:06:41Z,https://www.youtube.com/watch?v=kFYlnLcjHf4,"YouTube Data API search.list(order=viewCount,channelId)->videos.list(snippet,statistics)"
시칠리안 SICILIAN,UCchu6XLsbV9PISj5b7XArQA,fC5K9_OWh2g,"미친 물가, 최악의 환율, 치안까지 엉망이라는 파리의 놀라운 최신 근황",2026-04-12T01:00:46Z,195706,2026-08-28T21:06:41Z,https://www.youtube.com/watch?v=fC5K9_OWh2g,"YouTube Data API search.list(order=viewCount,channelId)->videos.list(snippet,statistics)"
시칠리안 SICILIAN,UCchu6XLsbV9PISj5b7XArQA,I8zYpW5VoKU,파워 내향인 여자 혼자 해외여행가면 생기는 일 [태국 23_치앙마이],2023-11-26T01:00:08Z,191259,2026-08-28T21:06:41Z,https://www.youtube.com/watch?v=I8zYpW5VoKU,"YouTube Data API search.list(order=viewCount,channelId)->videos.list(snippet,statistics)"
시칠리안 SICILIAN,UCchu6XLsbV9PISj5b7XArQA,AkqHR_iEVSQ,여행 포기할 뻔한 역대급 난이도 중국 입국기 [상해 01],2023-10-29T02:15:00Z,185997,2026-08-28T21:06:41Z,https://www.youtube.com/watch?v=AkqHR_iEVSQ,"YouTube Data API search.list(order=viewCount,channelId)->videos.list(snippet,statistics)"
시칠리안 SICILIAN,UCchu6XLsbV9PISj5b7XArQA,DJGMFW8ioT8,풀소유 부부의 발리여행 쇼핑리스트 [시칠리안 인도네시아 11],2023-06-25T01:00:05Z,181182,2026-08-28T21:06:41Z,https://www.youtube.com/watch?v=DJGMFW8ioT8,"YouTube Data API search.list(order=viewCount,channelId)->videos.list(snippet,statistics)"
시칠리안 SICILIAN,UCchu6XLsbV9PISj5b7XArQA,T2oE3OKaSN8,"한국인만 비싸다고 오해하는 여행 1위, 대반전 크루즈 여행 경비 공개",2026-06-28T01:00:27Z,180755,2026-08-28T21:06:41Z,https://www.youtube.com/watch?v=T2oE3OKaSN8,"YouTube Data API search.list(order=viewCount,channelId)->videos.list(snippet,statistics)"
시칠리안 SICILIAN,UCchu6XLsbV9PISj5b7XArQA,ZJ0oUDePjGQ,여행은 안 오고 한달살기만 하러 오는 이상한 도시,2024-06-23T00:00:18Z,170960,2026-08-28T21:06:41Z,https://www.youtube.com/watch?v=ZJ0oUDePjGQ,"YouTube Data API search.list(order=viewCount,channelId)->videos.list(snippet,statistics)"
시칠리안 SICILIAN,UCchu6XLsbV9PISj5b7XArQA,8q0ZZ-9arwQ,여기 길리 맞아..? 놀랍도록 변해버린 발리 옆 길리섬 최신 근황,2026-07-26T01:00:00Z,170465,2026-08-28T21:06:41Z,https://www.youtube.com/watch?v=8q0ZZ-9arwQ,"YouTube Data API search.list(order=viewCount,channelId)->videos.list(snippet,statistics)"
시칠리안 SICILIAN,UCchu6XLsbV9PISj5b7XArQA,REvB_KJ47wI,여기가 진짜 베트남이다.. 정신 똑바로 차려야 살아남는 하노이 탐방기,2026-08-16T01:00:12Z,169637,2026-08-28T21:06:41Z,https://www.youtube.com/watch?v=REvB_KJ47wI,"YouTube Data API search.list(order=viewCount,channelId)->videos.list(snippet,statistics)"
시칠리안 SICILIAN,UCchu6XLsbV9PISj5b7XArQA,6Wif8T_gLU8,"관광객 넷 중 하나가 한국인이라는 다낭, 이 정도일 줄은 상상도 못했습니다",2025-08-31T00:00:06Z,169171,2026-08-28T21:06:41Z,https://www.youtube.com/watch?v=6Wif8T_gLU8,"YouTube Data API search.list(order=viewCount,channelId)->videos.list(snippet,statistics)"
시칠리안 SICILIAN,UCchu6XLsbV9PISj5b7XArQA,Fdtyg0Sf_NI,한국인 후기없는 핫플들만 찾아간 치앙다오 여행기 [태국 07]_치앙마이 부부세계여행,2022-11-28T11:45:01Z,168191,2026-08-28T21:06:41Z,https://www.youtube.com/watch?v=Fdtyg0Sf_NI,"YouTube Data API search.list(order=viewCount,channelId)->videos.list(snippet,statistics)"
시칠리안 SICILIAN,UCchu6XLsbV9PISj5b7XArQA,Hoa210CClAg,홍콩은 끝났다? 모두가 망했다던 홍콩의 놀라운 현재 상황,2026-02-22T01:00:17Z,166067,2026-08-28T21:06:41Z,https://www.youtube.com/watch?v=Hoa210CClAg,"YouTube Data API search.list(order=viewCount,channelId)->videos.list(snippet,statistics)"
시칠리안 SICILIAN,UCchu6XLsbV9PISj5b7XArQA,ukxClOTLvfw,음식 무제한에 매일 밤 파티가 열리는 초대형 두바이 크루즈 리얼 탑승기,2025-03-16T01:00:43Z,165894,2026-08-28T21:06:41Z,https://www.youtube.com/watch?v=ukxClOTLvfw,"YouTube Data API search.list(order=viewCount,channelId)->videos.list(snippet,statistics)"
시칠리안 SICILIAN,UCchu6XLsbV9PISj5b7XArQA,h7h-sbtGNPI,방콕맛집 똠얌라면 한국인 입맛에 맞을까?  [시칠리안 태국 22]_쩨오쭐라 | 타이항공 비즈니스클래스 솔직후기 | 백종원 스푸파,2023-03-19T02:00:13Z,160896,2026-08-28T21:06:41Z,https://www.youtube.com/watch?v=h7h-sbtGNPI,"YouTube Data API search.list(order=viewCount,channelId)->videos.list(snippet,statistics)"
시칠리안 SICILIAN,UCchu6XLsbV9PISj5b7XArQA,2vA7L_c8AY8,"한국에서 딱 두 시간인데 바다, 쇼핑, 맛집이 넘쳐나는 오키나와 여행",2026-03-22T01:00:04Z,158654,2026-08-28T21:06:41Z,https://www.youtube.com/watch?v=2vA7L_c8AY8,"YouTube Data API search.list(order=viewCount,channelId)->videos.list(snippet,statistics)"
시칠리안 SICILIAN,UCchu6XLsbV9PISj5b7XArQA,7npXnGbyMAg,어마무시한 물가에 정떨어지는 현실 파리여행 [프랑스 01],2023-08-06T01:30:05Z,158641,2026-08-28T21:06:41Z,https://www.youtube.com/watch?v=7npXnGbyMAg,"YouTube Data API search.list(order=viewCount,channelId)->videos.list(snippet,statistics)"
시칠리안 SICILIAN,UCchu6XLsbV9PISj5b7XArQA,vBwgdJ0r7Uk,비행기 값 빼고 모든게 가성비 넘치는 대만족 나트랑 여행,2026-05-10T01:01:01Z,158170,2026-08-28T21:06:41Z,https://www.youtube.com/watch?v=vBwgdJ0r7Uk,"YouTube Data API search.list(order=viewCount,channelId)->videos.list(snippet,statistics)"
시칠리안 SICILIAN,UCchu6XLsbV9PISj5b7XArQA,7yEkX_g5Ecw,한국인이 사라졌다는 치앙마이 최신 근황,2025-12-07T01:00:11Z,157862,2026-08-28T21:06:41Z,https://www.youtube.com/watch?v=7yEkX_g5Ecw,"YouTube Data API search.list(order=viewCount,channelId)->videos.list(snippet,statistics)"
시칠리안 SICILIAN,UCchu6XLsbV9PISj5b7XArQA,NKj47oA_z5M,"한국인 이민 3위 라는 이곳, 여기서 살려면 어떻게 하면 돼요..?",2025-04-06T01:00:19Z,157062,2026-08-28T21:06:41Z,https://www.youtube.com/watch?v=NKj47oA_z5M,"YouTube Data API search.list(order=viewCount,channelId)->videos.list(snippet,statistics)"
시칠리안 SICILIAN,UCchu6XLsbV9PISj5b7XArQA,mVz78tyHNeA,"낭만과 맛집이 넘쳐나는 최고의 일본 소도시, 바로 여기 입니다!",2026-05-24T01:00:30Z,152803,2026-08-28T21:06:41Z,https://www.youtube.com/watch?v=mVz78tyHNeA,"YouTube Data API search.list(order=viewCount,channelId)->videos.list(snippet,statistics)"
시칠리안 SICILIAN,UCchu6XLsbV9PISj5b7XArQA,eHaF0weil3M,돈 걱정 없이 살 수 있다는 말레이시아 물가 체험하기_나 혼자 쿠알라룸푸르,2024-06-30T00:00:28Z,151835,2026-08-28T21:06:41Z,https://www.youtube.com/watch?v=eHaF0weil3M,"YouTube Data API search.list(order=viewCount,channelId)->videos.list(snippet,statistics)"
시칠리안 SICILIAN,UCchu6XLsbV9PISj5b7XArQA,fLFtw2LLcqI,"불안한 치안, 소매치기로 악명 높다는 바르셀로나 최신 근황",2026-07-12T01:00:17Z,151187,2026-08-28T21:06:41Z,https://www.youtube.com/watch?v=fLFtw2LLcqI,"YouTube Data API search.list(order=viewCount,channelId)->videos.list(snippet,statistics)"
시칠리안 SICILIAN,UCchu6XLsbV9PISj5b7XArQA,4n-R__1MXCA,나이?이름?직업?? 저희가 속 시원하게 말씀드릴 수 없는 이유는요..,2026-02-08T01:00:04Z,142661,2026-08-28T21:06:41Z,https://www.youtube.com/watch?v=4n-R__1MXCA,"YouTube Data API search.list(order=viewCount,channelId)->videos.list(snippet,statistics)"
시칠리안 SICILIAN,UCchu6XLsbV9PISj5b7XArQA,j1hvQO5sau8,위험해서 가면 안된다는 태국 방콕의 현재 상황은 이렇습니다,2025-11-09T01:00:58Z,132946,2026-08-28T21:06:41Z,https://www.youtube.com/watch?v=j1hvQO5sau8,"YouTube Data API search.list(order=viewCount,channelId)->videos.list(snippet,statistics)"
시칠리안 SICILIAN,UCchu6XLsbV9PISj5b7XArQA,kyGDuaJadVY,"한국인들이 일하러 왔다가 눌러 앉는다는 이 곳, 이민을 간다면 바로 여기다! [호주 몰아보기]",2026-06-14T01:00:26Z,132528,2026-08-28T21:06:41Z,https://www.youtube.com/watch?v=kyGDuaJadVY,"YouTube Data API search.list(order=viewCount,channelId)->videos.list(snippet,statistics)"
시칠리안 SICILIAN,UCchu6XLsbV9PISj5b7XArQA,aBntnBxJ-kA,여기가 베트남이라고..? 한국인은 모르는 호이안 초럭셔리 신상 호텔 숙박기,2025-09-14T00:00:00Z,130859,2026-08-28T21:06:41Z,https://www.youtube.com/watch?v=aBntnBxJ-kA,"YouTube Data API search.list(order=viewCount,channelId)->videos.list(snippet,statistics)"
시칠리안 SICILIAN,UCchu6XLsbV9PISj5b7XArQA,fDNwFOfyaak,한국인 90%가 알고 있지만 가기 힘들어서 포기한다는 미지의 섬 여행기,2026-08-02T01:00:21Z,130701,2026-08-28T21:06:41Z,https://www.youtube.com/watch?v=fDNwFOfyaak,"YouTube Data API search.list(order=viewCount,channelId)->videos.list(snippet,statistics)"
시칠리안 SICILIAN,UCchu6XLsbV9PISj5b7XArQA,O4v6sFrZMJU,남들 다 간다는 도쿄 여행 실패한 이유..여러분은 이렇게 오지 마세요,2025-09-21T00:00:28Z,130687,2026-08-28T21:06:41Z,https://www.youtube.com/watch?v=O4v6sFrZMJU,"YouTube Data API search.list(order=viewCount,channelId)->videos.list(snippet,statistics)"
시칠리안 SICILIAN,UCchu6XLsbV9PISj5b7XArQA,s-43srqMUdE,이 돈 주고 간다 vs 안간다?? 충격적인 7박8일 파리 여행 경비 공개,2026-04-26T01:01:01Z,129479,2026-08-28T21:06:41Z,https://www.youtube.com/watch?v=s-43srqMUdE,"YouTube Data API search.list(order=viewCount,channelId)->videos.list(snippet,statistics)"
시칠리안 SICILIAN,UCchu6XLsbV9PISj5b7XArQA,60H4w2Fsij0,"교토 왜 안가요?? 쇼핑, 맛집, 분위기 모든게 완벽한 교토 여행기",2026-01-18T01:00:07Z,128930,2026-08-28T21:06:41Z,https://www.youtube.com/watch?v=60H4w2Fsij0,"YouTube Data API search.list(order=viewCount,channelId)->videos.list(snippet,statistics)"
시칠리안 SICILIAN,UCchu6XLsbV9PISj5b7XArQA,6dshs8bWZ1Q,발리 환상의 섬에서 분노한 이유 [시칠리안 인도네시아 05] 누사페니다 솔직후기,2023-05-09T08:15:00Z,127294,2026-08-28T21:06:41Z,https://www.youtube.com/watch?v=6dshs8bWZ1Q,"YouTube Data API search.list(order=viewCount,channelId)->videos.list(snippet,statistics)"
시칠리안 SICILIAN,UCchu6XLsbV9PISj5b7XArQA,Dg4a6_kZfEo,여기는 100% 뜬다!! 미친 물가와 맛집이 넘쳐나는 가성비 휴양지 공개합니다,2026-08-23T01:00:40Z,126331,2026-08-28T21:06:41Z,https://www.youtube.com/watch?v=Dg4a6_kZfEo,"YouTube Data API search.list(order=viewCount,channelId)->videos.list(snippet,statistics)"
시칠리안 SICILIAN,UCchu6XLsbV9PISj5b7XArQA,Weqf59U5t9s,평균 월급 65만원인 나라의 돌아버린 집 값..이 정도라고??,2025-08-17T00:00:36Z,124058,2026-08-28T21:06:41Z,https://www.youtube.com/watch?v=Weqf59U5t9s,"YouTube Data API search.list(order=viewCount,channelId)->videos.list(snippet,statistics)"
시칠리안 SICILIAN,UCchu6XLsbV9PISj5b7XArQA,Lv8QeQDLma4,"저렴한 물가로 평생 살 수 있다는 이곳, 한국인들이 몰려드는 이유가 있었네요",2025-12-21T01:00:28Z,123473,2026-08-28T21:06:41Z,https://www.youtube.com/watch?v=Lv8QeQDLma4,"YouTube Data API search.list(order=viewCount,channelId)->videos.list(snippet,statistics)"
시칠리안 SICILIAN,UCchu6XLsbV9PISj5b7XArQA,BLoZwn0gN8I,두달 동안 직접 살아본 발리 전 지역 솔직 후기 [인도네시아 13],2024-03-17T01:00:08Z,121234,2026-08-28T21:06:41Z,https://www.youtube.com/watch?v=BLoZwn0gN8I,"YouTube Data API search.list(order=viewCount,channelId)->videos.list(snippet,statistics)"
시칠리안 SICILIAN,UCchu6XLsbV9PISj5b7XArQA,jEYFeQAUWVU,한국인보다 외국인이 더 많다는 심각한 제주도 현재 상황,2026-05-31T01:00:12Z,119603,2026-08-28T21:06:41Z,https://www.youtube.com/watch?v=jEYFeQAUWVU,"YouTube Data API search.list(order=viewCount,channelId)->videos.list(snippet,statistics)"
시칠리안 SICILIAN,UCchu6XLsbV9PISj5b7XArQA,0gsZdzjiK-s,평균 월급 36만원 필리핀에서 상류층으로 살려면 얼마가 필요할까?,2024-12-22T01:00:00Z,118576,2026-08-28T21:06:41Z,https://www.youtube.com/watch?v=0gsZdzjiK-s,"YouTube Data API search.list(order=viewCount,channelId)->videos.list(snippet,statistics)"
시칠리안 SICILIAN,UCchu6XLsbV9PISj5b7XArQA,brSZ2mATniA,"미친듯이 성장하고 있다는 호치민, 이 정도 일줄은 상상도 못했습니다",2025-12-14T01:00:53Z,116294,2026-08-28T21:06:41Z,https://www.youtube.com/watch?v=brSZ2mATniA,"YouTube Data API search.list(order=viewCount,channelId)->videos.list(snippet,statistics)"
시칠리안 SICILIAN,UCchu6XLsbV9PISj5b7XArQA,LEA8jssp1hE,발리는 한달살기의 성지일까 신혼여행의 성지일까? (둘다해봄) [인도네시아 12],2024-03-10T01:00:14Z,115608,2026-08-28T21:06:41Z,https://www.youtube.com/watch?v=LEA8jssp1hE,"YouTube Data API search.list(order=viewCount,channelId)->videos.list(snippet,statistics)"
시칠리안 SICILIAN,UCchu6XLsbV9PISj5b7XArQA,nLbz8ly1M2I,언제까지 스윙만 탈꺼야? 한국인 없는 발리 여행을 원한다면 바로 여기! [시칠리안 인도네시아 08],2023-05-28T03:07:46Z,114558,2026-08-28T21:06:41Z,https://www.youtube.com/watch?v=nLbz8ly1M2I,"YouTube Data API search.list(order=viewCount,channelId)->videos.list(snippet,statistics)"
시칠리안 SICILIAN,UCchu6XLsbV9PISj5b7XArQA,mvgbXBv2cb8,"치앙마이는 이 영상 하나로 끝!! 맛집부터 숙소, 꿀팁까지 모두 담은 치앙마이 두달살기 풀버전",2024-09-09T09:00:45Z,114518,2026-08-28T21:06:41Z,https://www.youtube.com/watch?v=mvgbXBv2cb8,"YouTube Data API search.list(order=viewCount,channelId)->videos.list(snippet,statistics)"
시칠리안 SICILIAN,UCchu6XLsbV9PISj5b7XArQA,IZLX8kDLvGE,동남아 여행시 한국인 대상 사기 수법 조심하세요,2025-02-02T01:00:14Z,113755,2026-08-28T21:06:41Z,https://www.youtube.com/watch?v=IZLX8kDLvGE,"YouTube Data API search.list(order=viewCount,channelId)->videos.list(snippet,statistics)"
시칠리안 SICILIAN,UCchu6XLsbV9PISj5b7XArQA,GF5GIk_3jfw,꿈에 그리던 캠핑카에서 살게 됐는데요...이게 맞나?,2024-07-21T00:00:06Z,112133,2026-08-28T21:06:41Z,https://www.youtube.com/watch?v=GF5GIk_3jfw,"YouTube Data API search.list(order=viewCount,channelId)->videos.list(snippet,statistics)"
시칠리안 SICILIAN,UCchu6XLsbV9PISj5b7XArQA,SCuNjF9-zQQ,3년만의 치앙마이 최대축제 러이끄라통에서 생긴일 [태국 05]_바라는게 많은 부부세계여행,2022-11-14T10:11:21Z,111823,2026-08-28T21:06:41Z,https://www.youtube.com/watch?v=SCuNjF9-zQQ,"YouTube Data API search.list(order=viewCount,channelId)->videos.list(snippet,statistics)"
시칠리안 SICILIAN,UCchu6XLsbV9PISj5b7XArQA,bn470LSWdjk,이렇게 살다 진짜 은퇴 후에는 어떻게 살지 고민입니다..,2025-11-23T01:00:46Z,110156,2026-08-28T21:06:41Z,https://www.youtube.com/watch?v=bn470LSWdjk,"YouTube Data API search.list(order=viewCount,channelId)->videos.list(snippet,statistics)"
시칠리안 SICILIAN,UCchu6XLsbV9PISj5b7XArQA,npnVHoIXGoE,한국인이 형제의 나라 튀르키예에 가면 생기는 일,2024-06-16T00:00:31Z,109927,2026-08-28T21:06:41Z,https://www.youtube.com/watch?v=npnVHoIXGoE,"YouTube Data API search.list(order=viewCount,channelId)->videos.list(snippet,statistics)"
시칠리안 SICILIAN,UCchu6XLsbV9PISj5b7XArQA,LfJlLeG5mzg,돈 안써도 행복하고 돈 쓰면 더 행복한 발리 한달살기 [시칠리안 인도네시아 01]_우붓에서 시작!,2023-04-09T08:45:01Z,109670,2026-08-28T21:06:41Z,https://www.youtube.com/watch?v=LfJlLeG5mzg,"YouTube Data API search.list(order=viewCount,channelId)->videos.list(snippet,statistics)"
시칠리안 SICILIAN,UCchu6XLsbV9PISj5b7XArQA,4_VaCxab1NU,"오사카가 지겹다면 고베 어때요? 맛집, 쇼핑 모두 대만족한 고베 여행기",2026-01-25T01:00:07Z,108928,2026-08-28T21:06:41Z,https://www.youtube.com/watch?v=4_VaCxab1NU,"YouTube Data API search.list(order=viewCount,channelId)->videos.list(snippet,statistics)"
시칠리안 SICILIAN,UCchu6XLsbV9PISj5b7XArQA,GxJpCATs4_4,회사원 겸 여행유튜버로 사는 부부의 쉽지 않은 국내 생활기_속초여행,2023-12-24T01:00:06Z,108207,2026-08-28T21:06:41Z,https://www.youtube.com/watch?v=GxJpCATs4_4,"YouTube Data API search.list(order=viewCount,channelId)->videos.list(snippet,statistics)"
시칠리안 SICILIAN,UCchu6XLsbV9PISj5b7XArQA,fb9vtsk6Vaw,방콕 초호화 쇼핑몰 아이콘시암에서 빈부격차 느껴보기 [시칠리안 태국18]_ICONSIAM,2023-02-19T03:00:15Z,106555,2026-08-28T21:06:41Z,https://www.youtube.com/watch?v=fb9vtsk6Vaw,"YouTube Data API search.list(order=viewCount,channelId)->videos.list(snippet,statistics)"
시칠리안 SICILIAN,UCchu6XLsbV9PISj5b7XArQA,puCzmg-ELcw,그렇게 좋다는 터키에 왔는데 한달살기 못하겠는 이유,2024-05-19T00:00:24Z,104932,2026-08-28T21:06:41Z,https://www.youtube.com/watch?v=puCzmg-ELcw,"YouTube Data API search.list(order=viewCount,channelId)->videos.list(snippet,statistics)"
시칠리안 SICILIAN,UCchu6XLsbV9PISj5b7XArQA,Xnm2kingIlg,물가 폭등한 방콕에서 가장 물가 비싼 동네 최고급 아파트 대공개,2025-11-02T01:00:40Z,104642,2026-08-28T21:06:41Z,https://www.youtube.com/watch?v=Xnm2kingIlg,"YouTube Data API search.list(order=viewCount,channelId)->videos.list(snippet,statistics)"
시칠리안 SICILIAN,UCchu6XLsbV9PISj5b7XArQA,2fTuwX1-2KI,매일매일 환율이 치솟는 방콕의 충격적인 하루 여행 경비 공개,2025-11-16T01:00:03Z,103989,2026-08-28T21:06:41Z,https://www.youtube.com/watch?v=2fTuwX1-2KI,"YouTube Data API search.list(order=viewCount,channelId)->videos.list(snippet,statistics)"
시칠리안 SICILIAN,UCchu6XLsbV9PISj5b7XArQA,R_9_WofJiBU,미친듯이 올랐다는 호주의 현실 물가 체험기,2025-04-13T01:00:22Z,103733,2026-08-28T21:06:41Z,https://www.youtube.com/watch?v=R_9_WofJiBU,"YouTube Data API search.list(order=viewCount,channelId)->videos.list(snippet,statistics)"
시칠리안 SICILIAN,UCchu6XLsbV9PISj5b7XArQA,CO4dxACjywY,"발리는 이 영상 하나로 끝!! 맛집부터 숙소, 꿀팁까지 모두 담은 발리 두달살기 풀버전",2024-09-21T00:00:36Z,103447,2026-08-28T21:06:41Z,https://www.youtube.com/watch?v=CO4dxACjywY,"YouTube Data API search.list(order=viewCount,channelId)->videos.list(snippet,statistics)"
시칠리안 SICILIAN,UCchu6XLsbV9PISj5b7XArQA,Q1ePFjn2wR4,달랏 완전정복 먹방여행 | 럭셔리 슬리핑버스 타고 나트랑에서 달랏으로 [시칠리안 베트남 02]_달랏 뷰맛집 숙소,2023-04-01T02:45:01Z,103172,2026-08-28T21:06:41Z,https://www.youtube.com/watch?v=Q1ePFjn2wR4,"YouTube Data API search.list(order=viewCount,channelId)->videos.list(snippet,statistics)"
시칠리안 SICILIAN,UCchu6XLsbV9PISj5b7XArQA,MFFdVJ-QDNY,베트남 가성비가 독보적인 이유.. 그냥 흔한 도시인줄 알았던 호치민의 대반전 일상,2025-12-28T01:00:24Z,102015,2026-08-28T21:06:41Z,https://www.youtube.com/watch?v=MFFdVJ-QDNY,"YouTube Data API search.list(order=viewCount,channelId)->videos.list(snippet,statistics)"
한달살러 신디와쏭 Shindywassong,UC1E2DOD7f4E-bfKGUr1r2jQ,DoHYfKxtcIw,"🔥 파이어족[5] 이거만 알아도 적금 이자 2배되는 파이어족 필수 스킬, 안전 수익을 위험없이 늘려주는 스킬을 배워보자 / 파이어족의 선납이연 [번외17] [골아픔주의]",2022-12-30T00:17:53Z,1433320,2026-08-28T21:06:41Z,https://www.youtube.com/watch?v=DoHYfKxtcIw,"YouTube Data API search.list(order=viewCount,channelId)->videos.list(snippet,statistics)"
한달살러 신디와쏭 Shindywassong,UC1E2DOD7f4E-bfKGUr1r2jQ,3OXQ7GEAYDc,🇵🇹 라고스에서 해변을 찾아 다니던 중 우연히 그... 그 곳을 발견해버렸다... 아니 이게 뭐야 대체 / 파이어족의 세계여행 [8] 포르투갈 [6],2021-07-31T11:43:25Z,1020360,2026-08-28T21:06:41Z,https://www.youtube.com/watch?v=3OXQ7GEAYDc,"YouTube Data API search.list(order=viewCount,channelId)->videos.list(snippet,statistics)"
한달살러 신디와쏭 Shindywassong,UC1E2DOD7f4E-bfKGUr1r2jQ,oQ0dKEzKBx4,"🇵🇱 매순간 느껴지는 한국의 향기, 한국과 너무 닮아 신기한 나라 폴란드 / 브로츠와프에 한국인들이 많은 이유 / 파이어족의 세계여행 [91] 폴란드 [1]",2022-06-25T23:00:30Z,747187,2026-08-28T21:06:41Z,https://www.youtube.com/watch?v=oQ0dKEzKBx4,"YouTube Data API search.list(order=viewCount,channelId)->videos.list(snippet,statistics)"
한달살러 신디와쏭 Shindywassong,UC1E2DOD7f4E-bfKGUr1r2jQ,IKHJAGX1Jzg,🔥 파이어족[3] 세계여행 중 일하지 않아도 안정적으로 리스크없이 비용을 마련하는 방법에 대하여 / 파이어족의 세계여행 [번외12] [쏭꼰대경보],2022-08-20T02:10:23Z,693014,2026-08-28T21:06:41Z,https://www.youtube.com/watch?v=IKHJAGX1Jzg,"YouTube Data API search.list(order=viewCount,channelId)->videos.list(snippet,statistics)"
한달살러 신디와쏭 Shindywassong,UC1E2DOD7f4E-bfKGUr1r2jQ,F2hiv6y0-6s,🇹🇷 왜 터키에서 한국말이 더 많이 들리지..?? / 세계여행 중 한국말이 그리울 땐? 쉬린제(Srince)! / 파이어족의 세계여행 [58] 터키 [13],2022-01-30T22:24:01Z,328033,2026-08-28T21:06:41Z,https://www.youtube.com/watch?v=F2hiv6y0-6s,"YouTube Data API search.list(order=viewCount,channelId)->videos.list(snippet,statistics)"
한달살러 신디와쏭 Shindywassong,UC1E2DOD7f4E-bfKGUr1r2jQ,hvhsYeqejKQ,🇲🇦 겁도 없이 남편 앞에서 성희롱을?? 넌 이미 죽어있다 / 1년 째 세계여행 중 가장 열받은 날 / 파이어족의 세계여행 [80] 모로코 [6],2022-05-13T23:40:12Z,298952,2026-08-28T21:06:41Z,https://www.youtube.com/watch?v=hvhsYeqejKQ,"YouTube Data API search.list(order=viewCount,channelId)->videos.list(snippet,statistics)"
한달살러 신디와쏭 Shindywassong,UC1E2DOD7f4E-bfKGUr1r2jQ,HqRnmw286-c,"🇹🇷 역사상 가장 저렴한 터키 현상황 / 여행 & 한 달 살기 그냥 지금 오세요!! / 아이폰, 갤럭시는 얼마? / 스타벅스 커피 한 잔 700원! [번외4] [놀람 주의]",2021-12-17T23:27:45Z,196138,2026-08-28T21:06:41Z,https://www.youtube.com/watch?v=HqRnmw286-c,"YouTube Data API search.list(order=viewCount,channelId)->videos.list(snippet,statistics)"
한달살러 신디와쏭 Shindywassong,UC1E2DOD7f4E-bfKGUr1r2jQ,hs2YQlZL6F0,🇰🇷 조기은퇴 후 세계여행을 하고 와보니 벼락거지가 되어버린 건에 대하여.. 거대냥이들과 함께 시작하는 한국 생활 / 파이어족 부부 세계여행 [186] 대한민국 [2],2024-01-16T02:30:30Z,195547,2026-08-28T21:06:41Z,https://www.youtube.com/watch?v=hs2YQlZL6F0,"YouTube Data API search.list(order=viewCount,channelId)->videos.list(snippet,statistics)"
한달살러 신디와쏭 Shindywassong,UC1E2DOD7f4E-bfKGUr1r2jQ,fG7RklTZJ7w,🔥파이어족[9] / 예적금 이자 최대로 받는 선납이연 수확의 날! 선납이연으로 파이어하는 방법 시작부터 끝까지 싹 다 보여드림 / 선납이연 가능한 적금 찾는 법 [번외24],2024-04-28T02:00:12Z,192166,2026-08-28T21:06:41Z,https://www.youtube.com/watch?v=fG7RklTZJ7w,"YouTube Data API search.list(order=viewCount,channelId)->videos.list(snippet,statistics)"
한달살러 신디와쏭 Shindywassong,UC1E2DOD7f4E-bfKGUr1r2jQ,D6R3fH1DPvA,"🔥 파이어족[1] 30대에 은퇴 후 세계여행 중인 파이어족 부부, 우리는 왜 이런 삶을 살고 있을까? / 파이어족의 세계여행 [번외7] [가슴속 사표 주의]",2022-01-10T21:15:58Z,191032,2026-08-28T21:06:41Z,https://www.youtube.com/watch?v=D6R3fH1DPvA,"YouTube Data API search.list(order=viewCount,channelId)->videos.list(snippet,statistics)"
한달살러 신디와쏭 Shindywassong,UC1E2DOD7f4E-bfKGUr1r2jQ,SQyOaZ4LBxI,🇰🇷 세간살이 다 짊어지고 제주에 와서 년세로 집을 구해보자..! 하지만 내겐 너무 비싼 제주 / 파이어족 부부 세계여행 [187] 대한민국 [3],2024-01-24T02:00:09Z,187937,2026-08-28T21:06:41Z,https://www.youtube.com/watch?v=SQyOaZ4LBxI,"YouTube Data API search.list(order=viewCount,channelId)->videos.list(snippet,statistics)"
한달살러 신디와쏭 Shindywassong,UC1E2DOD7f4E-bfKGUr1r2jQ,vrNx451M3ZU,🇰🇷 28년의 직장생활을 마치고 제주도에 집을 지어 인생 2막을 시작한 구독자님으로부터 초대를 받았다 / 하도리 도틀왓 / 파이어족 부부 세계여행 [189] 대한민국 [5],2024-02-08T02:00:24Z,149879,2026-08-28T21:06:41Z,https://www.youtube.com/watch?v=vrNx451M3ZU,"YouTube Data API search.list(order=viewCount,channelId)->videos.list(snippet,statistics)"
한달살러 신디와쏭 Shindywassong,UC1E2DOD7f4E-bfKGUr1r2jQ,Ib-V3jZc-bo,🇪🇸 평생 살 곳을 찾아 9개월 째 세계여행 중인 파이어족 부부의 스페인 외딴 섬 살아보기 / 파이어족의 세계여행 [65] 스페인 [12],2022-03-07T01:12:59Z,143504,2026-08-28T21:06:41Z,https://www.youtube.com/watch?v=Ib-V3jZc-bo,"YouTube Data API search.list(order=viewCount,channelId)->videos.list(snippet,statistics)"
한달살러 신디와쏭 Shindywassong,UC1E2DOD7f4E-bfKGUr1r2jQ,yrmRUE3J4kA,"🇹🇷 진짜 말도 안되는 가격의 안탈리아 재래시장 물가, 전세계에서 젤 저렴함, 여긴 꼭 가야해!! / 파이어족의 세계여행 [50] 터키 [5]",2021-12-17T10:01:18Z,135335,2026-08-28T21:06:41Z,https://www.youtube.com/watch?v=yrmRUE3J4kA,"YouTube Data API search.list(order=viewCount,channelId)->videos.list(snippet,statistics)"
한달살러 신디와쏭 Shindywassong,UC1E2DOD7f4E-bfKGUr1r2jQ,-Q4YBc1iOso,🇰🇷 제주 살이 4년차 파이어 부부는 한 달에 얼마를 쓸까? / 2년 간 산 집을 공개합니다 / 파이어족 부부의 제주살이 [159] 대한민국 [15],2026-06-28T01:00:08Z,130435,2026-08-28T21:06:41Z,https://www.youtube.com/watch?v=-Q4YBc1iOso,"YouTube Data API search.list(order=viewCount,channelId)->videos.list(snippet,statistics)"
한달살러 신디와쏭 Shindywassong,UC1E2DOD7f4E-bfKGUr1r2jQ,PdwT0KZ8PVo,🇹🇷 안탈리아 만원 살기! 오랜만에 과소비 한 번 해봅니다 (지상 파라다이스 안탈리아) / 파이어족의 세계여행 [47] 터키 [2],2021-12-04T08:53:39Z,121009,2026-08-28T21:06:41Z,https://www.youtube.com/watch?v=PdwT0KZ8PVo,"YouTube Data API search.list(order=viewCount,channelId)->videos.list(snippet,statistics)"
한달살러 신디와쏭 Shindywassong,UC1E2DOD7f4E-bfKGUr1r2jQ,Vk6zXByHSSI,"🇰🇷 눈만 오면 세상과 단절되는 제주 산간에서 1년 살게되었다, 오늘부턴 일년살러 신디와쏭 :) / 파이어족 부부 세계여행 [188] 대한민국 [4]",2024-01-31T06:20:07Z,114833,2026-08-28T21:06:41Z,https://www.youtube.com/watch?v=Vk6zXByHSSI,"YouTube Data API search.list(order=viewCount,channelId)->videos.list(snippet,statistics)"
한달살러 신디와쏭 Shindywassong,UC1E2DOD7f4E-bfKGUr1r2jQ,b3kB-ILbTe4,"🇨🇿 정착할 곳을 찾아 떠돈지 1년 반, 맥주가 싸고 맛있고, 유럽에서 가장 아름다운 곳. 여기라면 평생 살 수 있을 것 같아 / 파이어족 부부의 세계여행 [124] 체코 [2]",2022-11-20T11:28:03Z,102443,2026-08-28T21:06:41Z,https://www.youtube.com/watch?v=b3kB-ILbTe4,"YouTube Data API search.list(order=viewCount,channelId)->videos.list(snippet,statistics)"
