channel,channel_id,video_id,title,published_at_utc,public_view_count,retrieved_at_utc,canonical_url,source,reason
플팽부부,UCsEfn-G__mrwWwhw2cZKu6Q,AhGZm5K6Q-I,헝가리 만랩이 알려주는 부다페스트 여행 팁  / 헝가리 살이 플펭 부부의 세계여행,2024-03-17T06:00:03Z,90114,2026-08-28T21:06:41Z,https://www.youtube.com/watch?v=AhGZm5K6Q-I,"YouTube Data API search.list(order=viewCount,channelId)->videos.list(snippet,statistics)",below_100000_or_missing_required_field
플팽부부,UCsEfn-G__mrwWwhw2cZKu6Q,yMKF1qROtyE,"여기 살면 100살까지 살 것 같아요. 모든 것이 충분한 리가 , 라트비아 / 플펭 세계 살이 유럽여행",2024-10-06T01:00:36Z,89651,2026-08-28T21:06:41Z,https://www.youtube.com/watch?v=yMKF1qROtyE,"YouTube Data API search.list(order=viewCount,channelId)->videos.list(snippet,statistics)",below_100000_or_missing_required_field
플팽부부,UCsEfn-G__mrwWwhw2cZKu6Q,ykK80rePVsU,유럽 실거주 6개월에 느끼는 한국인이 유럽 살기 힘든 진짜 이유 / 유럽 살이 플펭의 세계여행,2024-05-26T06:00:33Z,87508,2026-08-28T21:06:41Z,https://www.youtube.com/watch?v=ykK80rePVsU,"YouTube Data API search.list(order=viewCount,channelId)->videos.list(snippet,statistics)",below_100000_or_missing_required_field
플팽부부,UCsEfn-G__mrwWwhw2cZKu6Q,_kElbd9zGWE,유럽 생활 2년째.. 그래서 뭐 먹고 사냐고? / 플펭 세계살이 / 헝가리 부다페스트,2025-09-14T00:00:53Z,83089,2026-08-28T21:06:41Z,https://www.youtube.com/watch?v=_kElbd9zGWE,"YouTube Data API search.list(order=viewCount,channelId)->videos.list(snippet,statistics)",below_100000_or_missing_required_field
플팽부부,UCsEfn-G__mrwWwhw2cZKu6Q,w-LgOWdHTRM,3년간 여행만 다닌 부부의 통장 잔고 / 부다페스트 한달살기 / 파이어족 세계여행,2023-10-04T07:19:26Z,80608,2026-08-28T21:06:41Z,https://www.youtube.com/watch?v=w-LgOWdHTRM,"YouTube Data API search.list(order=viewCount,channelId)->videos.list(snippet,statistics)",below_100000_or_missing_required_field
플팽부부,UCsEfn-G__mrwWwhw2cZKu6Q,JGmPR1ULgy4,내가 부다페스트에 집을 사려는 이유 ? / 렌트 수익률과 관리 비용 이야기,2023-10-19T06:00:05Z,77847,2026-08-28T21:06:41Z,https://www.youtube.com/watch?v=JGmPR1ULgy4,"YouTube Data API search.list(order=viewCount,channelId)->videos.list(snippet,statistics)",below_100000_or_missing_required_field
플팽부부,UCsEfn-G__mrwWwhw2cZKu6Q,3FlpTK9B-Xg,"긴급 점검하는 재정상태, 이렇게 먹고 살고 있어요 / 헝가리 살이하는 부부의 세계여행",2024-03-03T06:01:56Z,73073,2026-08-28T21:06:41Z,https://www.youtube.com/watch?v=3FlpTK9B-Xg,"YouTube Data API search.list(order=viewCount,channelId)->videos.list(snippet,statistics)",below_100000_or_missing_required_field
플팽부부,UCsEfn-G__mrwWwhw2cZKu6Q,IFxmaU05ht8,한달만에 집 처분하고 부다페스트로 가는 이유 / 플펭의 유럽살이 세계여행,2024-03-31T06:00:07Z,70673,2026-08-28T21:06:41Z,https://www.youtube.com/watch?v=IFxmaU05ht8,"YouTube Data API search.list(order=viewCount,channelId)->videos.list(snippet,statistics)",below_100000_or_missing_required_field
플팽부부,UCsEfn-G__mrwWwhw2cZKu6Q,fglrq3AbOOA,서울 지옥철을 씹어먹는 최고 난이도 국경 퇴근전쟁_ 말레이시아 조호르바루 / 플펭,2025-02-09T00:00:26Z,61522,2026-08-28T21:06:41Z,https://www.youtube.com/watch?v=fglrq3AbOOA,"YouTube Data API search.list(order=viewCount,channelId)->videos.list(snippet,statistics)",below_100000_or_missing_required_field
플팽부부,UCsEfn-G__mrwWwhw2cZKu6Q,HqGAUIYTiU4,할수록 마이너스인 유럽생활 주식 대폭락의 시대,2024-08-07T06:00:09Z,57219,2026-08-28T21:06:41Z,https://www.youtube.com/watch?v=HqGAUIYTiU4,"YouTube Data API search.list(order=viewCount,channelId)->videos.list(snippet,statistics)",below_100000_or_missing_required_field
플팽부부,UCsEfn-G__mrwWwhw2cZKu6Q,3S5RL-JJoxg,"유럽 살이 1년 생활비 정산 , 기로에 서다 / 플펭 _헝가리",2025-02-16T00:00:04Z,49584,2026-08-28T21:06:41Z,https://www.youtube.com/watch?v=3S5RL-JJoxg,"YouTube Data API search.list(order=viewCount,channelId)->videos.list(snippet,statistics)",below_100000_or_missing_required_field
플팽부부,UCsEfn-G__mrwWwhw2cZKu6Q,Tu1OkrMbD1U,"남프랑스 여행 몰아보기/ 아비뇽, 생 래미 드 프로방스, 아를, 액상 프로방스, 니스, 칸, 모나코, 쌩 뽈드방스/ 플펭",2025-04-06T00:00:20Z,47384,2026-08-28T21:06:41Z,https://www.youtube.com/watch?v=Tu1OkrMbD1U,"YouTube Data API search.list(order=viewCount,channelId)->videos.list(snippet,statistics)",below_100000_or_missing_required_field
플팽부부,UCsEfn-G__mrwWwhw2cZKu6Q,vlG97IIvsok,"한달살기 원픽! 치명적 매력 에스토니아, 탈린 / 플펭 유럽살이 세계여행",2024-09-22T23:00:35Z,45941,2026-08-28T21:06:41Z,https://www.youtube.com/watch?v=vlG97IIvsok,"YouTube Data API search.list(order=viewCount,channelId)->videos.list(snippet,statistics)",below_100000_or_missing_required_field
플팽부부,UCsEfn-G__mrwWwhw2cZKu6Q,Sui05pcVaNw,"Ai 통역 앱 진짜 쓸만해? _구글, 삼성 갤럭시 s24, chat gpt 비교 분석 /플펭 세계여행",2024-07-14T06:00:23Z,45521,2026-08-28T21:06:41Z,https://www.youtube.com/watch?v=Sui05pcVaNw,"YouTube Data API search.list(order=viewCount,channelId)->videos.list(snippet,statistics)",below_100000_or_missing_required_field
플팽부부,UCsEfn-G__mrwWwhw2cZKu6Q,_CV6AYbyDwA,"뮌헨 여행에서 제일 먼저 가봐야 할 곳 , 뮌헨에서 일주일(1) / 세계여행, 독일 여행",2022-12-29T06:00:08Z,44114,2026-08-28T21:06:41Z,https://www.youtube.com/watch?v=_CV6AYbyDwA,"YouTube Data API search.list(order=viewCount,channelId)->videos.list(snippet,statistics)",below_100000_or_missing_required_field
플팽부부,UCsEfn-G__mrwWwhw2cZKu6Q,I5wPHpD3l5Q,유럽 생활 1년째 맞게 된 최악의 환율 그리고 유럽 최고 인플레이션  / 헝가리 플펭,2025-04-03T01:07:24Z,43776,2026-08-28T21:06:41Z,https://www.youtube.com/watch?v=I5wPHpD3l5Q,"YouTube Data API search.list(order=viewCount,channelId)->videos.list(snippet,statistics)",below_100000_or_missing_required_field
플팽부부,UCsEfn-G__mrwWwhw2cZKu6Q,oKU6Ug89xto,"세계 최고 부자나라 모나코의 부동산 가격은? 모나코여행, 세계여행 #shorts",2022-11-15T08:46:04Z,43705,2026-08-28T21:06:41Z,https://www.youtube.com/watch?v=oKU6Ug89xto,"YouTube Data API search.list(order=viewCount,channelId)->videos.list(snippet,statistics)",below_100000_or_missing_required_field
플팽부부,UCsEfn-G__mrwWwhw2cZKu6Q,25Xx6zuuMHA,"직장 때려치우고 유럽 이사왔어요 한달 생활비 얼마 필요할까? / 플펭 유럽살이, 헝가리",2024-09-08T06:00:01Z,43573,2026-08-28T21:06:41Z,https://www.youtube.com/watch?v=25Xx6zuuMHA,"YouTube Data API search.list(order=viewCount,channelId)->videos.list(snippet,statistics)",below_100000_or_missing_required_field
플팽부부,UCsEfn-G__mrwWwhw2cZKu6Q,h3qs1bFECk4,유럽에서 살면서 하고 싶은거 다하고 한달에 얼마나 들었나 / 헝가리 살이 플펭 부부의 세계여행,2024-01-28T06:00:29Z,43037,2026-08-28T21:06:41Z,https://www.youtube.com/watch?v=h3qs1bFECk4,"YouTube Data API search.list(order=viewCount,channelId)->videos.list(snippet,statistics)",below_100000_or_missing_required_field
플팽부부,UCsEfn-G__mrwWwhw2cZKu6Q,Cj5ofFXNnjo,"지금 당장 유럽 비행기표를 사야할 이유, 포르투 바이블 / 플펭 세계여행, Porto  포르투갈",2025-09-22T01:00:21Z,42344,2026-08-28T21:06:41Z,https://www.youtube.com/watch?v=Cj5ofFXNnjo,"YouTube Data API search.list(order=viewCount,channelId)->videos.list(snippet,statistics)",below_100000_or_missing_required_field
플팽부부,UCsEfn-G__mrwWwhw2cZKu6Q,_MWi8MkL7p0,나의 소중한 휴가 실패없이 에어비앤비 구하는 노하우/ 유럽살이 플펭 세계여행 / 프라하,2024-06-16T06:00:14Z,40468,2026-08-28T21:06:41Z,https://www.youtube.com/watch?v=_MWi8MkL7p0,"YouTube Data API search.list(order=viewCount,channelId)->videos.list(snippet,statistics)",below_100000_or_missing_required_field
플팽부부,UCsEfn-G__mrwWwhw2cZKu6Q,SSWwbP5ZFNo,"천년의 도시 센텐드레, 부다페스트에서 40분이면 ok 헝가리 소도시 여행 / 플펭",2025-03-16T00:00:30Z,38769,2026-08-28T21:06:41Z,https://www.youtube.com/watch?v=SSWwbP5ZFNo,"YouTube Data API search.list(order=viewCount,channelId)->videos.list(snippet,statistics)",below_100000_or_missing_required_field
플팽부부,UCsEfn-G__mrwWwhw2cZKu6Q,raG-MtgClvQ,"유럽에 2년 살아보면 알게되는 것/ 플펭 세계살이, 부다페스트, 헝가리",2026-04-01T03:14:04Z,38289,2026-08-28T21:06:41Z,https://www.youtube.com/watch?v=raG-MtgClvQ,"YouTube Data API search.list(order=viewCount,channelId)->videos.list(snippet,statistics)",below_100000_or_missing_required_field
플팽부부,UCsEfn-G__mrwWwhw2cZKu6Q,6q8I1bKrOhk,"오버 투어리즘에서 소매치기까지 바르셀로나의 하루 / 플펭 세계여행, 스페인",2025-12-07T00:00:08Z,38114,2026-08-28T21:06:41Z,https://www.youtube.com/watch?v=6q8I1bKrOhk,"YouTube Data API search.list(order=viewCount,channelId)->videos.list(snippet,statistics)",below_100000_or_missing_required_field
플팽부부,UCsEfn-G__mrwWwhw2cZKu6Q,3aH57L3d7xk,"드레스덴, 독일 소도시 여행에서 여행 유투버 현타가 와 버렸다",2024-06-09T06:00:02Z,37715,2026-08-28T21:06:41Z,https://www.youtube.com/watch?v=3aH57L3d7xk,"YouTube Data API search.list(order=viewCount,channelId)->videos.list(snippet,statistics)",below_100000_or_missing_required_field
플팽부부,UCsEfn-G__mrwWwhw2cZKu6Q,thGnmIdHnFE,"집앞 대참사, 부다페스트의 반전 / 플펭 세계여행, 헝가리",2026-04-08T08:12:12Z,37359,2026-08-28T21:06:41Z,https://www.youtube.com/watch?v=thGnmIdHnFE,"YouTube Data API search.list(order=viewCount,channelId)->videos.list(snippet,statistics)",below_100000_or_missing_required_field
플팽부부,UCsEfn-G__mrwWwhw2cZKu6Q,4F3sj9TZh4o,이탈리아 가고 싶은데 비싸서 고민이라면 여기 가세요. 시칠리아 _카타니아 /플펭,2024-10-27T01:00:05Z,37280,2026-08-28T21:06:41Z,https://www.youtube.com/watch?v=4F3sj9TZh4o,"YouTube Data API search.list(order=viewCount,channelId)->videos.list(snippet,statistics)",below_100000_or_missing_required_field
플팽부부,UCsEfn-G__mrwWwhw2cZKu6Q,YlHhoy3zaPw,"불타는 유럽으로 돌아오다 / 헝가리 부다페스트, 플펭 세계여행",2026-07-15T00:00:34Z,37193,2026-08-28T21:06:41Z,https://www.youtube.com/watch?v=YlHhoy3zaPw,"YouTube Data API search.list(order=viewCount,channelId)->videos.list(snippet,statistics)",below_100000_or_missing_required_field
플팽부부,UCsEfn-G__mrwWwhw2cZKu6Q,8syRlqy1LdM,"꽉 채운 유럽 여행, 시칠리아 간다면 무조건 팔레르모  / 플펭 세계여행",2024-11-10T00:00:11Z,36497,2026-08-28T21:06:41Z,https://www.youtube.com/watch?v=8syRlqy1LdM,"YouTube Data API search.list(order=viewCount,channelId)->videos.list(snippet,statistics)",below_100000_or_missing_required_field
플팽부부,UCsEfn-G__mrwWwhw2cZKu6Q,GcC4Mx2ewD8,"프랑스 남부 여행 , 아비뇽에서 가봐야할 곳. 남프랑스 아비뇽 물가",2022-07-18T07:33:11Z,36206,2026-08-28T21:06:41Z,https://www.youtube.com/watch?v=GcC4Mx2ewD8,"YouTube Data API search.list(order=viewCount,channelId)->videos.list(snippet,statistics)",below_100000_or_missing_required_field
플팽부부,UCsEfn-G__mrwWwhw2cZKu6Q,iQEUff9Rdjw,"3만 여행 유투버는 먹고 살만한가? 수익공개 / 플펭 셰계여행, 부다페스트, 헝가리 #광고, #스픽",2026-02-19T00:00:31Z,35686,2026-08-28T21:06:41Z,https://www.youtube.com/watch?v=iQEUff9Rdjw,"YouTube Data API search.list(order=viewCount,channelId)->videos.list(snippet,statistics)",below_100000_or_missing_required_field
플팽부부,UCsEfn-G__mrwWwhw2cZKu6Q,oMUUw7TdBw8,"월급이 없는 삶 불안하지 아니한가. 헝가리 살이 2년차 / 플펭 세계살이, 부다페스트",2026-04-26T00:00:57Z,35590,2026-08-28T21:06:41Z,https://www.youtube.com/watch?v=oMUUw7TdBw8,"YouTube Data API search.list(order=viewCount,channelId)->videos.list(snippet,statistics)",below_100000_or_missing_required_field
플팽부부,UCsEfn-G__mrwWwhw2cZKu6Q,gU_-Er_-y-o,"맛과 가격이 동시에 만족스러운 완벽한 여행지 시칠리아 5일 여행 / 파이어족 부부 세계여행, 이탈리아",2023-12-10T06:00:24Z,35163,2026-08-28T21:06:41Z,https://www.youtube.com/watch?v=gU_-Er_-y-o,"YouTube Data API search.list(order=viewCount,channelId)->videos.list(snippet,statistics)",below_100000_or_missing_required_field
플팽부부,UCsEfn-G__mrwWwhw2cZKu6Q,--HrAK9M7ZY,한국인 유럽살이 시도했다 열폭한 날 / 플펭 + 독거남,2023-11-26T06:00:00Z,34933,2026-08-28T21:06:41Z,https://www.youtube.com/watch?v=--HrAK9M7ZY,"YouTube Data API search.list(order=viewCount,channelId)->videos.list(snippet,statistics)",below_100000_or_missing_required_field
플팽부부,UCsEfn-G__mrwWwhw2cZKu6Q,pgeFXBIiaC8,"다시 온 유럽 폭염에 다뉴브 강도 말랐다. / 플펭 세계살이, 헝가리, 부다페스트",2026-08-02T00:00:20Z,34078,2026-08-28T21:06:41Z,https://www.youtube.com/watch?v=pgeFXBIiaC8,"YouTube Data API search.list(order=viewCount,channelId)->videos.list(snippet,statistics)",below_100000_or_missing_required_field
플팽부부,UCsEfn-G__mrwWwhw2cZKu6Q,UxZY68ROUXU,집값도 상상을 초월하는 변화하는 폴란드 / 유럽에서 살아보기 파이어족 부부 세계여행,2024-01-21T06:00:23Z,32359,2026-08-28T21:06:41Z,https://www.youtube.com/watch?v=UxZY68ROUXU,"YouTube Data API search.list(order=viewCount,channelId)->videos.list(snippet,statistics)",below_100000_or_missing_required_field
플팽부부,UCsEfn-G__mrwWwhw2cZKu6Q,UVF8ZLsFoHk,"애증의 나라 프랑스, 리옹 에서 일주일 여행 / 남프랑스 여행, 세계여행",2022-12-22T09:27:43Z,32073,2026-08-28T21:06:41Z,https://www.youtube.com/watch?v=UVF8ZLsFoHk,"YouTube Data API search.list(order=viewCount,channelId)->videos.list(snippet,statistics)",below_100000_or_missing_required_field
플팽부부,UCsEfn-G__mrwWwhw2cZKu6Q,_LwR3Xek5p0,유럽 골든 비자 5개국 비교 분석 / 유럽살이 하는 파이어족 부부의 세계여행,2024-01-24T06:00:28Z,32024,2026-08-28T21:06:41Z,https://www.youtube.com/watch?v=_LwR3Xek5p0,"YouTube Data API search.list(order=viewCount,channelId)->videos.list(snippet,statistics)",below_100000_or_missing_required_field
플팽부부,UCsEfn-G__mrwWwhw2cZKu6Q,7aEqchlf4LU,유럽 살이 일년째 겨울 되니 한국 가고 싶어지는 이유 /플펭  헝가리,2024-11-17T00:00:05Z,31664,2026-08-28T21:06:41Z,https://www.youtube.com/watch?v=7aEqchlf4LU,"YouTube Data API search.list(order=viewCount,channelId)->videos.list(snippet,statistics)",below_100000_or_missing_required_field
플팽부부,UCsEfn-G__mrwWwhw2cZKu6Q,azPMyJjnEcM,더워도 너무 더운 지금 유럽 여행 취소가 답인가? / 플펭 세계살이_ 헝가리 부다페스트,2025-07-02T00:00:03Z,31586,2026-08-28T21:06:41Z,https://www.youtube.com/watch?v=azPMyJjnEcM,"YouTube Data API search.list(order=viewCount,channelId)->videos.list(snippet,statistics)",below_100000_or_missing_required_field
플팽부부,UCsEfn-G__mrwWwhw2cZKu6Q,ziu6652OBDg,먼 나라 이야기인데 묘하게 한국과 닮은 최신 헝가리 이슈/ 플펭 유럽살이,2024-11-03T00:00:39Z,30472,2026-08-28T21:06:41Z,https://www.youtube.com/watch?v=ziu6652OBDg,"YouTube Data API search.list(order=viewCount,channelId)->videos.list(snippet,statistics)",below_100000_or_missing_required_field
플팽부부,UCsEfn-G__mrwWwhw2cZKu6Q,-HeThvZ74I0,"이탈리아 11일간 여행경비 정산 (피렌체, 시냐, 볼로냐, 모데나) / 플펭 세계여행, 이탈리아",2026-05-10T00:00:00Z,30282,2026-08-28T21:06:41Z,https://www.youtube.com/watch?v=-HeThvZ74I0,"YouTube Data API search.list(order=viewCount,channelId)->videos.list(snippet,statistics)",below_100000_or_missing_required_field
플팽부부,UCsEfn-G__mrwWwhw2cZKu6Q,CPqYILFvZeA,"뻔한 관광지만 보고 가기에는 아쉬운, 플펭이 말아주는 포르투 여행 part2  / 세계여행 , 포르투갈",2025-10-05T00:00:15Z,29956,2026-08-28T21:06:41Z,https://www.youtube.com/watch?v=CPqYILFvZeA,"YouTube Data API search.list(order=viewCount,channelId)->videos.list(snippet,statistics)",below_100000_or_missing_required_field
플팽부부,UCsEfn-G__mrwWwhw2cZKu6Q,z1viDCvq7Cs,한국인만 모르는 유럽의 히든 잼! 추천 도시 Best 5 / 플펭 세계여행,2026-05-31T00:00:37Z,29475,2026-08-28T21:06:41Z,https://www.youtube.com/watch?v=z1viDCvq7Cs,"YouTube Data API search.list(order=viewCount,channelId)->videos.list(snippet,statistics)",below_100000_or_missing_required_field
플팽부부,UCsEfn-G__mrwWwhw2cZKu6Q,ZRh3k1gKk_w,"10년 프로 여행러도 당했다. 에어비앤비 환불 받는 법/ 부에노스아이레스 ep2 / 플펭, 아르헨티나",2026-02-01T00:00:39Z,29356,2026-08-28T21:06:41Z,https://www.youtube.com/watch?v=ZRh3k1gKk_w,"YouTube Data API search.list(order=viewCount,channelId)->videos.list(snippet,statistics)",below_100000_or_missing_required_field
플팽부부,UCsEfn-G__mrwWwhw2cZKu6Q,eanYGeXCUeg,20년 유럽 거주권 준다던 헝가리 골든비자 최신 업데이트 2025년 / 플펭 _유럽살이,2025-01-22T00:12:41Z,29252,2026-08-28T21:06:41Z,https://www.youtube.com/watch?v=eanYGeXCUeg,"YouTube Data API search.list(order=viewCount,channelId)->videos.list(snippet,statistics)",below_100000_or_missing_required_field
플팽부부,UCsEfn-G__mrwWwhw2cZKu6Q,OOMXH7IMT1c,"유럽 겨울여행을 준비한다면 꼭 봐야할 영상 / 플펭 헝가리 살이, 부다페스트",2024-12-22T00:00:13Z,28671,2026-08-28T21:06:41Z,https://www.youtube.com/watch?v=OOMXH7IMT1c,"YouTube Data API search.list(order=viewCount,channelId)->videos.list(snippet,statistics)",below_100000_or_missing_required_field
플팽부부,UCsEfn-G__mrwWwhw2cZKu6Q,HvvpPH7FfqQ,아말피 가다 반했다! 살레르노에 꽂힌 이유  / 플펭 이탈리아 여행,2024-12-29T00:00:11Z,28452,2026-08-28T21:06:41Z,https://www.youtube.com/watch?v=HvvpPH7FfqQ,"YouTube Data API search.list(order=viewCount,channelId)->videos.list(snippet,statistics)",below_100000_or_missing_required_field
플팽부부,UCsEfn-G__mrwWwhw2cZKu6Q,ligP5zeLi_8,5월  부다페스트에 오지 않으면 정말 후회합니다! / 유럽살이 플펭 세계여행,2024-05-19T06:00:17Z,28121,2026-08-28T21:06:41Z,https://www.youtube.com/watch?v=ligP5zeLi_8,"YouTube Data API search.list(order=viewCount,channelId)->videos.list(snippet,statistics)",below_100000_or_missing_required_field
플팽부부,UCsEfn-G__mrwWwhw2cZKu6Q,ND5x9rtxG3I,유럽 비트코인 대 투자의 시대  / 플펭,2025-08-03T00:00:24Z,28000,2026-08-28T21:06:41Z,https://www.youtube.com/watch?v=ND5x9rtxG3I,"YouTube Data API search.list(order=viewCount,channelId)->videos.list(snippet,statistics)",below_100000_or_missing_required_field
플팽부부,UCsEfn-G__mrwWwhw2cZKu6Q,EaOWO4fzVTI,"발로 뛰는 겨울 파리여행 세번째 이야기, 마헤지구, 몽마르뜨 / 플펭 세계여행, 프랑스",2026-01-18T00:00:17Z,27983,2026-08-28T21:06:41Z,https://www.youtube.com/watch?v=EaOWO4fzVTI,"YouTube Data API search.list(order=viewCount,channelId)->videos.list(snippet,statistics)",below_100000_or_missing_required_field
플팽부부,UCsEfn-G__mrwWwhw2cZKu6Q,gjMOOvaCMMY,유럽 여행이 점점 어려워지는 이유 (류블랴나 슬로베니아) / 플펭 세계여행,2025-06-15T00:00:54Z,27881,2026-08-28T21:06:41Z,https://www.youtube.com/watch?v=gjMOOvaCMMY,"YouTube Data API search.list(order=viewCount,channelId)->videos.list(snippet,statistics)",below_100000_or_missing_required_field
플팽부부,UCsEfn-G__mrwWwhw2cZKu6Q,9r9BCc19pto,프라하의 놀라운 반격 ' 세계 6대 부국의 영광' 돌아오나!! / 플펭 유럽살이 세계여행,2024-06-23T06:00:04Z,27789,2026-08-28T21:06:41Z,https://www.youtube.com/watch?v=9r9BCc19pto,"YouTube Data API search.list(order=viewCount,channelId)->videos.list(snippet,statistics)",below_100000_or_missing_required_field
플팽부부,UCsEfn-G__mrwWwhw2cZKu6Q,b6yej0i3bdI,"무너진다는 유럽에서 집값은 왜?/ 헝가리 재래시장 , 현지인은 이렇게 삽니다/  / 플펭, 부다페스트",2025-03-09T00:00:23Z,27735,2026-08-28T21:06:41Z,https://www.youtube.com/watch?v=b6yej0i3bdI,"YouTube Data API search.list(order=viewCount,channelId)->videos.list(snippet,statistics)",below_100000_or_missing_required_field
플팽부부,UCsEfn-G__mrwWwhw2cZKu6Q,ISOx2oMupbk,24시간이 모자란 지중해 유럽 소도시 / 슬로베니아 피란 (2),2025-06-25T06:02:21Z,27618,2026-08-28T21:06:41Z,https://www.youtube.com/watch?v=ISOx2oMupbk,"YouTube Data API search.list(order=viewCount,channelId)->videos.list(snippet,statistics)",below_100000_or_missing_required_field
플팽부부,UCsEfn-G__mrwWwhw2cZKu6Q,JmztkxOpOxk,부다페스트 끝에 무엇이 있을까 / 헝가리 살이 플펭 부부,2025-03-23T00:00:12Z,27084,2026-08-28T21:06:41Z,https://www.youtube.com/watch?v=JmztkxOpOxk,"YouTube Data API search.list(order=viewCount,channelId)->videos.list(snippet,statistics)",below_100000_or_missing_required_field
플팽부부,UCsEfn-G__mrwWwhw2cZKu6Q,jZTuvKIU86g,"이 곳에 오면 부다페스트만 보고 갔던 지난날의 나를 반성해 /  플펭, 페치",2024-02-25T06:00:29Z,26903,2026-08-28T21:06:41Z,https://www.youtube.com/watch?v=jZTuvKIU86g,"YouTube Data API search.list(order=viewCount,channelId)->videos.list(snippet,statistics)",below_100000_or_missing_required_field
플팽부부,UCsEfn-G__mrwWwhw2cZKu6Q,fR4iaxQCb0k,"너무 잘나가서 미치겠는 유럽의 라이징 스타 / 플펭, 그리스 아테네",2024-04-21T06:00:15Z,26902,2026-08-28T21:06:41Z,https://www.youtube.com/watch?v=fR4iaxQCb0k,"YouTube Data API search.list(order=viewCount,channelId)->videos.list(snippet,statistics)",below_100000_or_missing_required_field
플팽부부,UCsEfn-G__mrwWwhw2cZKu6Q,ZVrqXfjbbSE,"비엔나 환승, 반나절 투어 이렇게 해보세요 / 플펭 세계살이 유럽여행",2024-12-01T00:00:29Z,26897,2026-08-28T21:06:41Z,https://www.youtube.com/watch?v=ZVrqXfjbbSE,"YouTube Data API search.list(order=viewCount,channelId)->videos.list(snippet,statistics)",below_100000_or_missing_required_field
플팽부부,UCsEfn-G__mrwWwhw2cZKu6Q,K6Xoy4h3iN4,"한때는 발칸의 파리였다던 곳에 최악의 독재가 휩쓸고 갔..지금은? / 루마니아 , 부쿠레슈트/ 플펭",2025-04-28T07:40:09Z,26802,2026-08-28T21:06:41Z,https://www.youtube.com/watch?v=K6Xoy4h3iN4,"YouTube Data API search.list(order=viewCount,channelId)->videos.list(snippet,statistics)",below_100000_or_missing_required_field
플팽부부,UCsEfn-G__mrwWwhw2cZKu6Q,872s3sd4-7g,"비싼 유럽 여행에 지쳤다면, 포르투에서 가는 근교도시 여행, 아베이루 aveiro  / 플펭 세계여행, 포르투갈",2025-10-12T01:10:17Z,26563,2026-08-28T21:06:41Z,https://www.youtube.com/watch?v=872s3sd4-7g,"YouTube Data API search.list(order=viewCount,channelId)->videos.list(snippet,statistics)",below_100000_or_missing_required_field
플팽부부,UCsEfn-G__mrwWwhw2cZKu6Q,GIM1_S5l0WU,"발리 도착하자마자 교통사고, 응급실 가다 / 플펭 세계여행_발리(1)",2025-01-19T00:00:09Z,26103,2026-08-28T21:06:41Z,https://www.youtube.com/watch?v=GIM1_S5l0WU,"YouTube Data API search.list(order=viewCount,channelId)->videos.list(snippet,statistics)",below_100000_or_missing_required_field
플팽부부,UCsEfn-G__mrwWwhw2cZKu6Q,Y3tG9pjzACk,"유럽 실제 1년 살아봄. 1년 생활비 정산 / 플펭 , 헝가리, 부다페스트",2026-01-08T00:00:50Z,25892,2026-08-28T21:06:41Z,https://www.youtube.com/watch?v=Y3tG9pjzACk,"YouTube Data API search.list(order=viewCount,channelId)->videos.list(snippet,statistics)",below_100000_or_missing_required_field
플팽부부,UCsEfn-G__mrwWwhw2cZKu6Q,WL3exfTITns,"인기 많은데는 다 이유가 있다, 스플리트 / 플펭 세계여행 , 크로아티아 Split",2026-07-26T00:00:22Z,25840,2026-08-28T21:06:41Z,https://www.youtube.com/watch?v=WL3exfTITns,"YouTube Data API search.list(order=viewCount,channelId)->videos.list(snippet,statistics)",below_100000_or_missing_required_field
플팽부부,UCsEfn-G__mrwWwhw2cZKu6Q,XtPXMSPo1cE,남프랑스 일주 여행 총 비용 & 꿀팁 정리 !  / 파이어족 부부 세계여행,2023-02-19T06:00:20Z,25562,2026-08-28T21:06:41Z,https://www.youtube.com/watch?v=XtPXMSPo1cE,"YouTube Data API search.list(order=viewCount,channelId)->videos.list(snippet,statistics)",below_100000_or_missing_required_field
플팽부부,UCsEfn-G__mrwWwhw2cZKu6Q,Ix-lYL4dW78,"내돈내산 루프트한자 프리미엄 이코노미 타고 아르헨티나 갑니다 / 플펭 , 부에노스아이레스 ep.1",2026-01-25T00:00:32Z,25337,2026-08-28T21:06:41Z,https://www.youtube.com/watch?v=Ix-lYL4dW78,"YouTube Data API search.list(order=viewCount,channelId)->videos.list(snippet,statistics)",below_100000_or_missing_required_field
플팽부부,UCsEfn-G__mrwWwhw2cZKu6Q,h1lwVdAhJIQ,천국의 풍경인데 앉으면 가격이 4배가 되는 곳 /  아말피 여행,2025-01-05T00:00:33Z,25051,2026-08-28T21:06:41Z,https://www.youtube.com/watch?v=h1lwVdAhJIQ,"YouTube Data API search.list(order=viewCount,channelId)->videos.list(snippet,statistics)",below_100000_or_missing_required_field
플팽부부,UCsEfn-G__mrwWwhw2cZKu6Q,6BF0DKCEtuM,부다페스트 크리스마스 호구가 되었다 / 플펭 헝가리,2023-12-31T06:00:04Z,24991,2026-08-28T21:06:41Z,https://www.youtube.com/watch?v=6BF0DKCEtuM,"YouTube Data API search.list(order=viewCount,channelId)->videos.list(snippet,statistics)",below_100000_or_missing_required_field
플팽부부,UCsEfn-G__mrwWwhw2cZKu6Q,W1Gv2bhrPXc,"유럽 여행 버킷리스트 발트3국 몰아보기 / 에스토니아, 라트비아, 리투아니아 / 플펭",2025-08-10T00:00:37Z,24817,2026-08-28T21:06:41Z,https://www.youtube.com/watch?v=W1Gv2bhrPXc,"YouTube Data API search.list(order=viewCount,channelId)->videos.list(snippet,statistics)",below_100000_or_missing_required_field
플팽부부,UCsEfn-G__mrwWwhw2cZKu6Q,plRT1ileA4s,"우리는 왜 바르셀로나 이주에 실패했는가/  플펭 세계여행, Spain, Barcelona",2025-12-14T00:00:59Z,24631,2026-08-28T21:06:41Z,https://www.youtube.com/watch?v=plRT1ileA4s,"YouTube Data API search.list(order=viewCount,channelId)->videos.list(snippet,statistics)",below_100000_or_missing_required_field
플팽부부,UCsEfn-G__mrwWwhw2cZKu6Q,qbhWdItUBas,뻔한 여행 코스가 지겨울때 뉴욕타임즈가 제안하는 부다페스트 3일 코스 /  플펭 헝가리 살이,2025-05-11T00:01:00Z,24562,2026-08-28T21:06:41Z,https://www.youtube.com/watch?v=qbhWdItUBas,"YouTube Data API search.list(order=viewCount,channelId)->videos.list(snippet,statistics)",below_100000_or_missing_required_field
플팽부부,UCsEfn-G__mrwWwhw2cZKu6Q,oY_qGssptIg,유럽살다 발리가서 만난 역대급 침수. 한달살기 유럽이 좋아?  발리가 좋아?/ 사누르_발리(3),2025-02-02T00:00:35Z,24551,2026-08-28T21:06:41Z,https://www.youtube.com/watch?v=oY_qGssptIg,"YouTube Data API search.list(order=viewCount,channelId)->videos.list(snippet,statistics)",below_100000_or_missing_required_field
플팽부부,UCsEfn-G__mrwWwhw2cZKu6Q,PuLNGi9icog,"세계여행 버킷리스트 놓치면 안되는 플리트비체/ 플펭 세계여행, 크로아티아",2026-07-12T00:00:02Z,24366,2026-08-28T21:06:41Z,https://www.youtube.com/watch?v=PuLNGi9icog,"YouTube Data API search.list(order=viewCount,channelId)->videos.list(snippet,statistics)",below_100000_or_missing_required_field
플팽부부,UCsEfn-G__mrwWwhw2cZKu6Q,6SM3goU4uX8,유럽생활 로망이 있다면 꼭 봐야할 영상 / 헝가리 살이 플펭 부부 세계여행,2024-01-14T06:00:01Z,24157,2026-08-28T21:06:41Z,https://www.youtube.com/watch?v=6SM3goU4uX8,"YouTube Data API search.list(order=viewCount,channelId)->videos.list(snippet,statistics)",below_100000_or_missing_required_field
플팽부부,UCsEfn-G__mrwWwhw2cZKu6Q,vxLOp1uP8eQ,헝가리에서 해외 airbnb를 하다가 몸에서 사리가 나왔다 /플펭 세계살이 + 독거남 / 부다페스트,2025-04-17T15:01:34Z,24015,2026-08-28T21:06:41Z,https://www.youtube.com/watch?v=vxLOp1uP8eQ,"YouTube Data API search.list(order=viewCount,channelId)->videos.list(snippet,statistics)",below_100000_or_missing_required_field
플팽부부,UCsEfn-G__mrwWwhw2cZKu6Q,eYVwfTV4w9o,"기대이상, 장기 체류를 꿈꾸게 되는 자다르 / 플펭 세계여행, 크로아티아",2026-07-19T00:00:03Z,23919,2026-08-28T21:06:41Z,https://www.youtube.com/watch?v=eYVwfTV4w9o,"YouTube Data API search.list(order=viewCount,channelId)->videos.list(snippet,statistics)",below_100000_or_missing_required_field
플팽부부,UCsEfn-G__mrwWwhw2cZKu6Q,v5zf9vy239k,"코스피 4000시대 FOMO에 빠지다 / 플펭 유럽살이, 헝가리 소도시 여행 , 괴될레 Godolle",2025-11-09T00:01:07Z,23881,2026-08-28T21:06:41Z,https://www.youtube.com/watch?v=v5zf9vy239k,"YouTube Data API search.list(order=viewCount,channelId)->videos.list(snippet,statistics)",below_100000_or_missing_required_field
플팽부부,UCsEfn-G__mrwWwhw2cZKu6Q,yP0gqFCun6U,"소고기 나라 아르헨티나 한달살기 A~Z까지 그리고 비용까지 모든걸 알려드림 / 플펭 세계여행, 아르헨티나",2026-03-08T00:01:08Z,23136,2026-08-28T21:06:41Z,https://www.youtube.com/watch?v=yP0gqFCun6U,"YouTube Data API search.list(order=viewCount,channelId)->videos.list(snippet,statistics)",below_100000_or_missing_required_field
플팽부부,UCsEfn-G__mrwWwhw2cZKu6Q,pkFaxNbdlhc,"지갑은 가볍게, 감동은 무겁게! 피렌체 여행 필수영상 / 플펭 세계여행, 이탈리아, Firenze 2부",2026-04-05T00:01:00Z,23049,2026-08-28T21:06:41Z,https://www.youtube.com/watch?v=pkFaxNbdlhc,"YouTube Data API search.list(order=viewCount,channelId)->videos.list(snippet,statistics)",below_100000_or_missing_required_field
플팽부부,UCsEfn-G__mrwWwhw2cZKu6Q,H1qLlzE0gM4,"외국인들이 가장 살고 싶어하는 포르투 동네는 어디? / 플펭 세계여행, 포르투갈, 포르투 porto",2025-10-26T00:00:17Z,22846,2026-08-28T21:06:41Z,https://www.youtube.com/watch?v=H1qLlzE0gM4,"YouTube Data API search.list(order=viewCount,channelId)->videos.list(snippet,statistics)",below_100000_or_missing_required_field
플팽부부,UCsEfn-G__mrwWwhw2cZKu6Q,5Sk3DrQzAq8,"비싸다고 소문난 파리, 발로 뛰어보는 파리 겨울여행 / 플펭 , Paris (ep.2)",2026-01-13T00:00:09Z,22576,2026-08-28T21:06:41Z,https://www.youtube.com/watch?v=5Sk3DrQzAq8,"YouTube Data API search.list(order=viewCount,channelId)->videos.list(snippet,statistics)",below_100000_or_missing_required_field
플팽부부,UCsEfn-G__mrwWwhw2cZKu6Q,eMcE5j9Kl8M,"고환율에도 아직 여행할 맛 나는 아테네 /재래시장, 원픽 전망대, 아테네 베버리힐즈 / 플펭 그리스 여행",2025-04-13T00:00:37Z,22344,2026-08-28T21:06:41Z,https://www.youtube.com/watch?v=eMcE5j9Kl8M,"YouTube Data API search.list(order=viewCount,channelId)->videos.list(snippet,statistics)",below_100000_or_missing_required_field
플팽부부,UCsEfn-G__mrwWwhw2cZKu6Q,z6kxeVNq7EM,"북극한파가 몰아닥친 겨울, 남미에서 한달살기 어때? / 플펭이 말아주는 아르헨티나, 부에노스아이레스 ep.3",2026-02-08T00:01:00Z,22175,2026-08-28T21:06:41Z,https://www.youtube.com/watch?v=z6kxeVNq7EM,"YouTube Data API search.list(order=viewCount,channelId)->videos.list(snippet,statistics)",below_100000_or_missing_required_field
플팽부부,UCsEfn-G__mrwWwhw2cZKu6Q,w3rWWUIWrjA,부에노스아이레스를 완벽하게 즐기는 2달살기 리얼 라이프/ 플펭 세계살이,2025-04-20T00:00:56Z,22079,2026-08-28T21:06:41Z,https://www.youtube.com/watch?v=w3rWWUIWrjA,"YouTube Data API search.list(order=viewCount,channelId)->videos.list(snippet,statistics)",below_100000_or_missing_required_field
플팽부부,UCsEfn-G__mrwWwhw2cZKu6Q,FT5t9RtVw0E,"동남아보다 싸다는 아르헨티나 한달살기 경비 얼마나 들어요? /파이어족 부부 세계여행 - 아르헨티나 여행, 부에노스아이레스",2023-05-10T06:00:09Z,22075,2026-08-28T21:06:41Z,https://www.youtube.com/watch?v=FT5t9RtVw0E,"YouTube Data API search.list(order=viewCount,channelId)->videos.list(snippet,statistics)",below_100000_or_missing_required_field
플팽부부,UCsEfn-G__mrwWwhw2cZKu6Q,n9RlM34Tt_s,모르고 가면 비극의 시작인 유럽 vs 동남아 / 플펭 & 독거남,2025-06-01T00:00:55Z,21959,2026-08-28T21:06:41Z,https://www.youtube.com/watch?v=n9RlM34Tt_s,"YouTube Data API search.list(order=viewCount,channelId)->videos.list(snippet,statistics)",below_100000_or_missing_required_field
플팽부부,UCsEfn-G__mrwWwhw2cZKu6Q,XK9GP1SmqSk,"아무도 알려주지 않는 발리 여행의 진실 / 플펭 세계여행, 우붓_발리(2)",2025-01-26T00:00:31Z,21912,2026-08-28T21:06:41Z,https://www.youtube.com/watch?v=XK9GP1SmqSk,"YouTube Data API search.list(order=viewCount,channelId)->videos.list(snippet,statistics)",below_100000_or_missing_required_field
플팽부부,UCsEfn-G__mrwWwhw2cZKu6Q,8wkUD452Gf4,유럽 살면 아파트 관리비가 얼마나 들까? / 유럽살이 플펭의 세계여행,2024-05-22T06:00:06Z,21826,2026-08-28T21:06:41Z,https://www.youtube.com/watch?v=8wkUD452Gf4,"YouTube Data API search.list(order=viewCount,channelId)->videos.list(snippet,statistics)",below_100000_or_missing_required_field
플팽부부,UCsEfn-G__mrwWwhw2cZKu6Q,aZ6hgIkGwcw,10+10년 영주권을 받는 새로운 헝가리 골든비자 / 파이어족 세계여행,2023-11-20T06:00:01Z,21780,2026-08-28T21:06:41Z,https://www.youtube.com/watch?v=aZ6hgIkGwcw,"YouTube Data API search.list(order=viewCount,channelId)->videos.list(snippet,statistics)",below_100000_or_missing_required_field
플팽부부,UCsEfn-G__mrwWwhw2cZKu6Q,tkrNZW34ipA,"유럽 최저 소득국이지만 여행자에게 너무나 매력적인 불가리아/ 플펭 세계여행, 소피아",2026-06-07T00:00:31Z,21686,2026-08-28T21:06:41Z,https://www.youtube.com/watch?v=tkrNZW34ipA,"YouTube Data API search.list(order=viewCount,channelId)->videos.list(snippet,statistics)",below_100000_or_missing_required_field
플팽부부,UCsEfn-G__mrwWwhw2cZKu6Q,nY17pfJTAl0,부다페스트 여행 전 필수영상!  로컬이 추천하는 찐  카페 맛집  / 헝가리 유럽여행,2024-08-04T06:00:18Z,21630,2026-08-28T21:06:41Z,https://www.youtube.com/watch?v=nY17pfJTAl0,"YouTube Data API search.list(order=viewCount,channelId)->videos.list(snippet,statistics)",below_100000_or_missing_required_field
플팽부부,UCsEfn-G__mrwWwhw2cZKu6Q,gouN-tvwY2U,그리스 미식의 도시 테살로니키에서 식중독으로 여행 중단 / 플펭 세계여행,2025-03-02T00:00:28Z,21312,2026-08-28T21:06:41Z,https://www.youtube.com/watch?v=gouN-tvwY2U,"YouTube Data API search.list(order=viewCount,channelId)->videos.list(snippet,statistics)",below_100000_or_missing_required_field
플팽부부,UCsEfn-G__mrwWwhw2cZKu6Q,kzKZTgHRF-E,"미친 고환율 속에서 유럽에 사는 백수 부부의 재정관리 / 아테네, 그리스 여행 (2)",2024-04-25T06:00:18Z,21130,2026-08-28T21:06:41Z,https://www.youtube.com/watch?v=kzKZTgHRF-E,"YouTube Data API search.list(order=viewCount,channelId)->videos.list(snippet,statistics)",below_100000_or_missing_required_field
플팽부부,UCsEfn-G__mrwWwhw2cZKu6Q,OzFFF08ZLC8,중부유럽 대홍수 현재 부다페스트 상황 점검/ 플펭 유럽살이,2024-09-18T23:00:20Z,20991,2026-08-28T21:06:41Z,https://www.youtube.com/watch?v=OzFFF08ZLC8,"YouTube Data API search.list(order=viewCount,channelId)->videos.list(snippet,statistics)",below_100000_or_missing_required_field
플팽부부,UCsEfn-G__mrwWwhw2cZKu6Q,5O9pVXamVK8,"한때 미국보다 잘살던 나라가 '9번이나' 망한 이유 (ft. 산텔모 벼룩시장) / 플펭 세계여행, 부에노스아이레",2026-02-15T00:00:05Z,20812,2026-08-28T21:06:41Z,https://www.youtube.com/watch?v=5O9pVXamVK8,"YouTube Data API search.list(order=viewCount,channelId)->videos.list(snippet,statistics)",below_100000_or_missing_required_field
플팽부부,UCsEfn-G__mrwWwhw2cZKu6Q,CXu2JQsTUjw,베를린의 1년 중 가장 위험한 날 /  플펭,2024-01-07T06:00:05Z,20575,2026-08-28T21:06:41Z,https://www.youtube.com/watch?v=CXu2JQsTUjw,"YouTube Data API search.list(order=viewCount,channelId)->videos.list(snippet,statistics)",below_100000_or_missing_required_field
시칠리안 SICILIAN,UCchu6XLsbV9PISj5b7XArQA,JSJt78Le_dw,"치앙마이에서 6천원으로 하루종일 놀아보기  [시칠리안 태국16]_세계여행, 한달살기",2023-02-11T02:00:06Z,99416,2026-08-28T21:06:41Z,https://www.youtube.com/watch?v=JSJt78Le_dw,"YouTube Data API search.list(order=viewCount,channelId)->videos.list(snippet,statistics)",below_100000_or_missing_required_field
시칠리안 SICILIAN,UCchu6XLsbV9PISj5b7XArQA,oDfjADm7UVw,뉴질랜드 캠핑카 여행의 모든 것!! 6박 7일 뉴질랜드 캠핑카 여행 몰아보기,2025-08-11T09:41:01Z,99046,2026-08-28T21:06:41Z,https://www.youtube.com/watch?v=oDfjADm7UVw,"YouTube Data API search.list(order=viewCount,channelId)->videos.list(snippet,statistics)",below_100000_or_missing_required_field
시칠리안 SICILIAN,UCchu6XLsbV9PISj5b7XArQA,YUmpfJIg7Qg,초대형 캠핑카타고 7박 8일 돌로미티 여행 시작합니다,2025-06-08T00:00:40Z,99023,2026-08-28T21:06:41Z,https://www.youtube.com/watch?v=YUmpfJIg7Qg,"YouTube Data API search.list(order=viewCount,channelId)->videos.list(snippet,statistics)",below_100000_or_missing_required_field
시칠리안 SICILIAN,UCchu6XLsbV9PISj5b7XArQA,2q4rIByF4TQ,"미국, 유럽 좋다는 곳 다 가봐도 동남아로 돌아올 수밖에 없었던 이유(Feat.해외 첫 마라톤 도전기)",2025-08-24T00:00:04Z,98990,2026-08-28T21:06:41Z,https://www.youtube.com/watch?v=2q4rIByF4TQ,"YouTube Data API search.list(order=viewCount,channelId)->videos.list(snippet,statistics)",below_100000_or_missing_required_field
시칠리안 SICILIAN,UCchu6XLsbV9PISj5b7XArQA,SaVwgXQPNDg,최애 도시 시드니를 가장 완벽하게 즐기는 방법,2025-04-20T01:00:22Z,98654,2026-08-28T21:06:41Z,https://www.youtube.com/watch?v=SaVwgXQPNDg,"YouTube Data API search.list(order=viewCount,channelId)->videos.list(snippet,statistics)",below_100000_or_missing_required_field
시칠리안 SICILIAN,UCchu6XLsbV9PISj5b7XArQA,-R47Y9a2w2k,미친 환율에도 사오면 이득인 대만족 파리 쇼핑 리스트,2026-04-19T01:00:00Z,97670,2026-08-28T21:06:41Z,https://www.youtube.com/watch?v=-R47Y9a2w2k,"YouTube Data API search.list(order=viewCount,channelId)->videos.list(snippet,statistics)",below_100000_or_missing_required_field
시칠리안 SICILIAN,UCchu6XLsbV9PISj5b7XArQA,-Mdgrf7Wm90,한국인 가성비 여행지 1위 베트남 푸꾸옥에서 역대급 여행 경비를 쓰게 된 이유,2024-11-10T01:00:00Z,96558,2026-08-28T21:06:41Z,https://www.youtube.com/watch?v=-Mdgrf7Wm90,"YouTube Data API search.list(order=viewCount,channelId)->videos.list(snippet,statistics)",below_100000_or_missing_required_field
시칠리안 SICILIAN,UCchu6XLsbV9PISj5b7XArQA,VZr7z27zpI4,물가 저렴한 라오스에서 최소비용으로 럭셔리하게 여행하는 방법 [라오스 01],2024-02-12T01:01:21Z,96405,2026-08-28T21:06:41Z,https://www.youtube.com/watch?v=VZr7z27zpI4,"YouTube Data API search.list(order=viewCount,channelId)->videos.list(snippet,statistics)",below_100000_or_missing_required_field
시칠리안 SICILIAN,UCchu6XLsbV9PISj5b7XArQA,lpEtxLBNkwM,한국인들이 잘 모르는 방콕 최대규모 로컬시장 방문기 (+혼돈의 카운트다운) [태국 27],2024-01-07T01:00:24Z,96022,2026-08-28T21:06:41Z,https://www.youtube.com/watch?v=lpEtxLBNkwM,"YouTube Data API search.list(order=viewCount,channelId)->videos.list(snippet,statistics)",below_100000_or_missing_required_field
시칠리안 SICILIAN,UCchu6XLsbV9PISj5b7XArQA,MRnzgSDwnw0,"꼴등칸이 245만원, 먹을게 쉴 새 없이 나오는 행복한 하와이 크루즈 라이프",2025-07-20T00:00:21Z,94435,2026-08-28T21:06:41Z,https://www.youtube.com/watch?v=MRnzgSDwnw0,"YouTube Data API search.list(order=viewCount,channelId)->videos.list(snippet,statistics)",below_100000_or_missing_required_field
시칠리안 SICILIAN,UCchu6XLsbV9PISj5b7XArQA,mkPPt-M_QH8,그저그런 여행지가 최고의 여행이 될 수 있게 하는 것들 [태국 28_후아힌],2024-01-14T01:00:21Z,93554,2026-08-28T21:06:41Z,https://www.youtube.com/watch?v=mkPPt-M_QH8,"YouTube Data API search.list(order=viewCount,channelId)->videos.list(snippet,statistics)",below_100000_or_missing_required_field
시칠리안 SICILIAN,UCchu6XLsbV9PISj5b7XArQA,FK3gYrN-l04,한달살기 사상 역대급 생활비에 충격 받고 물가천국 치앙마이로 떠납니다,2025-11-30T01:00:22Z,92498,2026-08-28T21:06:41Z,https://www.youtube.com/watch?v=FK3gYrN-l04,"YouTube Data API search.list(order=viewCount,channelId)->videos.list(snippet,statistics)",below_100000_or_missing_required_field
시칠리안 SICILIAN,UCchu6XLsbV9PISj5b7XArQA,VZ5S9Q_a36Q,맛도 가격도 모든 것이 놀라운 말레이시아 페낭 여행기,2024-07-14T00:00:20Z,92425,2026-08-28T21:06:41Z,https://www.youtube.com/watch?v=VZ5S9Q_a36Q,"YouTube Data API search.list(order=viewCount,channelId)->videos.list(snippet,statistics)",below_100000_or_missing_required_field
시칠리안 SICILIAN,UCchu6XLsbV9PISj5b7XArQA,pLXvvBJN3Js,여기는 가족들이랑 절대 오지 마세요..,2025-01-26T01:00:41Z,91805,2026-08-28T21:06:41Z,https://www.youtube.com/watch?v=pLXvvBJN3Js,"YouTube Data API search.list(order=viewCount,channelId)->videos.list(snippet,statistics)",below_100000_or_missing_required_field
시칠리안 SICILIAN,UCchu6XLsbV9PISj5b7XArQA,Gf29O7R82e8,60만원 vs 6만원 💸 가성비와 갓성비 모두 챙기는 대만족 푸꾸옥 여행,2024-11-17T01:00:12Z,91195,2026-08-28T21:06:41Z,https://www.youtube.com/watch?v=Gf29O7R82e8,"YouTube Data API search.list(order=viewCount,channelId)->videos.list(snippet,statistics)",below_100000_or_missing_required_field
시칠리안 SICILIAN,UCchu6XLsbV9PISj5b7XArQA,t_mtgE01qxU,퇴사 후 세계여행중인 부부의 발리 풀빌라 일상 [시칠리안 인도네시아 04] 짱구 10만원대 가성비 풀빌라 공개,2023-04-30T02:15:03Z,90674,2026-08-28T21:06:41Z,https://www.youtube.com/watch?v=t_mtgE01qxU,"YouTube Data API search.list(order=viewCount,channelId)->videos.list(snippet,statistics)",below_100000_or_missing_required_field
시칠리안 SICILIAN,UCchu6XLsbV9PISj5b7XArQA,7Jtxk69deQo,"물가, 맛집, 숙소 모든게 만족스럽다!! 베트남의 진짜 매력을 느낄 수 있는 호치민",2026-01-04T01:00:15Z,90315,2026-08-28T21:06:41Z,https://www.youtube.com/watch?v=7Jtxk69deQo,"YouTube Data API search.list(order=viewCount,channelId)->videos.list(snippet,statistics)",below_100000_or_missing_required_field
시칠리안 SICILIAN,UCchu6XLsbV9PISj5b7XArQA,f9ZQrty3gJM,물가도 미치고 맛도 미쳐버린 대반전 칭다오 여행,2025-10-12T00:00:53Z,89728,2026-08-28T21:06:41Z,https://www.youtube.com/watch?v=f9ZQrty3gJM,"YouTube Data API search.list(order=viewCount,channelId)->videos.list(snippet,statistics)",below_100000_or_missing_required_field
시칠리안 SICILIAN,UCchu6XLsbV9PISj5b7XArQA,dUxH_Hp6KOI,한국인이 여행하기에 가장 친절한 나라,2024-12-08T01:00:25Z,89537,2026-08-28T21:06:41Z,https://www.youtube.com/watch?v=dUxH_Hp6KOI,"YouTube Data API search.list(order=viewCount,channelId)->videos.list(snippet,statistics)",below_100000_or_missing_required_field
시칠리안 SICILIAN,UCchu6XLsbV9PISj5b7XArQA,jsU27BsGX5E,"한국인이 열광하는 치앙마이, 이런 분들은 오지마세요",2025-02-23T01:00:41Z,87710,2026-08-28T21:06:41Z,https://www.youtube.com/watch?v=jsU27BsGX5E,"YouTube Data API search.list(order=viewCount,channelId)->videos.list(snippet,statistics)",below_100000_or_missing_required_field
시칠리안 SICILIAN,UCchu6XLsbV9PISj5b7XArQA,h9YR7Affuyc,미친 가성비로 시작하는 치앙마이 한달살기 [태국 03]_미니멀 불가 부부세계여행,2022-11-06T03:49:12Z,87602,2026-08-28T21:06:41Z,https://www.youtube.com/watch?v=h9YR7Affuyc,"YouTube Data API search.list(order=viewCount,channelId)->videos.list(snippet,statistics)",below_100000_or_missing_required_field
시칠리안 SICILIAN,UCchu6XLsbV9PISj5b7XArQA,5VLIQjTe_Rg,천만원 쓰고 실패한 신혼여행.. 진작 이렇게 올걸!,2025-07-27T00:00:11Z,87330,2026-08-28T21:06:41Z,https://www.youtube.com/watch?v=5VLIQjTe_Rg,"YouTube Data API search.list(order=viewCount,channelId)->videos.list(snippet,statistics)",below_100000_or_missing_required_field
시칠리안 SICILIAN,UCchu6XLsbV9PISj5b7XArQA,ApYyq9uMal8,밥도 주고 술도 주는 역대급 5성급 호텔 최저가로 즐기는 방법,2024-07-28T00:00:04Z,87283,2026-08-28T21:06:41Z,https://www.youtube.com/watch?v=ApYyq9uMal8,"YouTube Data API search.list(order=viewCount,channelId)->videos.list(snippet,statistics)",below_100000_or_missing_required_field
시칠리안 SICILIAN,UCchu6XLsbV9PISj5b7XArQA,1HESsSU8bSQ,"한국인 발리 필수 코스라는 우붓, 이제 마지막이 될 것 같아요",2025-06-01T00:00:01Z,86387,2026-08-28T21:06:41Z,https://www.youtube.com/watch?v=1HESsSU8bSQ,"YouTube Data API search.list(order=viewCount,channelId)->videos.list(snippet,statistics)",below_100000_or_missing_required_field
시칠리안 SICILIAN,UCchu6XLsbV9PISj5b7XArQA,fHEAAnOQreQ,SNS 인생샷에 숨겨진 발리 여행의 진실 [인도네시아_14],2024-03-24T01:00:28Z,85093,2026-08-28T21:06:41Z,https://www.youtube.com/watch?v=fHEAAnOQreQ,"YouTube Data API search.list(order=viewCount,channelId)->videos.list(snippet,statistics)",below_100000_or_missing_required_field
시칠리안 SICILIAN,UCchu6XLsbV9PISj5b7XArQA,pkcW0ogDbTc,치솟는 유럽물가에도 우리가 포르투에 다시 온 이유 [포르투갈 01],2023-07-02T01:15:02Z,84011,2026-08-28T21:06:41Z,https://www.youtube.com/watch?v=pkcW0ogDbTc,"YouTube Data API search.list(order=viewCount,channelId)->videos.list(snippet,statistics)",below_100000_or_missing_required_field
시칠리안 SICILIAN,UCchu6XLsbV9PISj5b7XArQA,2121LGsO_QY,마사지 받고 로컬푸드 먹는 치앙마이 하루 [태국 06]_한달살기 부부세계여행,2022-11-20T10:30:00Z,83250,2026-08-28T21:06:41Z,https://www.youtube.com/watch?v=2121LGsO_QY,"YouTube Data API search.list(order=viewCount,channelId)->videos.list(snippet,statistics)",below_100000_or_missing_required_field
시칠리안 SICILIAN,UCchu6XLsbV9PISj5b7XArQA,5u_HH0fCm2c,라탄 쇼핑하고 치앙마이 대학교 야경보기 [태국 08]_월드컵 시즌 부부세계여행,2022-12-04T10:45:00Z,83094,2026-08-28T21:06:41Z,https://www.youtube.com/watch?v=5u_HH0fCm2c,"YouTube Data API search.list(order=viewCount,channelId)->videos.list(snippet,statistics)",below_100000_or_missing_required_field
시칠리안 SICILIAN,UCchu6XLsbV9PISj5b7XArQA,DMJef_NBxN8,불편과 낭만을 넘나드는 뉴질랜드 캠핑카 여행의 현실,2024-10-13T01:00:07Z,83011,2026-08-28T21:06:41Z,https://www.youtube.com/watch?v=DMJef_NBxN8,"YouTube Data API search.list(order=viewCount,channelId)->videos.list(snippet,statistics)",below_100000_or_missing_required_field
시칠리안 SICILIAN,UCchu6XLsbV9PISj5b7XArQA,fQhUALbZ-lo,30만원에 갈 수 있는 유럽? 한국인에게 저평가된 여행지의 놀라운 재발견 [마카오 01],2024-04-07T00:02:53Z,82816,2026-08-28T21:06:41Z,https://www.youtube.com/watch?v=fQhUALbZ-lo,"YouTube Data API search.list(order=viewCount,channelId)->videos.list(snippet,statistics)",below_100000_or_missing_required_field
시칠리안 SICILIAN,UCchu6XLsbV9PISj5b7XArQA,PKQpsh05eok,이탈리아 시칠리아 섬에서  한달 살기 시작 [시칠리아 01],2022-07-25T23:30:42Z,82548,2026-08-28T21:06:41Z,https://www.youtube.com/watch?v=PKQpsh05eok,"YouTube Data API search.list(order=viewCount,channelId)->videos.list(snippet,statistics)",below_100000_or_missing_required_field
시칠리안 SICILIAN,UCchu6XLsbV9PISj5b7XArQA,A_07OhdMEvg,모든게 애매해서 그동안 외면했던 여행지의 놀라운 반전,2025-05-04T01:00:08Z,81399,2026-08-28T21:06:41Z,https://www.youtube.com/watch?v=A_07OhdMEvg,"YouTube Data API search.list(order=viewCount,channelId)->videos.list(snippet,statistics)",below_100000_or_missing_required_field
시칠리안 SICILIAN,UCchu6XLsbV9PISj5b7XArQA,r5si_St5gJA,뉴질랜드 캠핑카 여행을 끝으로 앞으로 캠핑은 힘들 것 같아요...,2024-10-27T01:00:33Z,81282,2026-08-28T21:06:41Z,https://www.youtube.com/watch?v=r5si_St5gJA,"YouTube Data API search.list(order=viewCount,channelId)->videos.list(snippet,statistics)",below_100000_or_missing_required_field
시칠리안 SICILIAN,UCchu6XLsbV9PISj5b7XArQA,CA2gAiTRys8,무거운 캐리어 끌고 세계 여행하는 부부가 찾은 발리 인생숙소 [시칠리안 인도네시아 10],2023-06-21T11:40:12Z,81272,2026-08-28T21:06:41Z,https://www.youtube.com/watch?v=CA2gAiTRys8,"YouTube Data API search.list(order=viewCount,channelId)->videos.list(snippet,statistics)",below_100000_or_missing_required_field
시칠리안 SICILIAN,UCchu6XLsbV9PISj5b7XArQA,2CskqHmyQ9A,맛있는건 여기 다 있었네!! 가오슝 로컬 맛집 완전 정복 [대만 05],2023-09-17T01:02:59Z,81175,2026-08-28T21:06:41Z,https://www.youtube.com/watch?v=2CskqHmyQ9A,"YouTube Data API search.list(order=viewCount,channelId)->videos.list(snippet,statistics)",below_100000_or_missing_required_field
시칠리안 SICILIAN,UCchu6XLsbV9PISj5b7XArQA,4Z1gQPCRghc,모든것이 반전인 중국 여행 리얼 후기 [상해 03],2023-11-12T01:12:32Z,79805,2026-08-28T21:06:41Z,https://www.youtube.com/watch?v=4Z1gQPCRghc,"YouTube Data API search.list(order=viewCount,channelId)->videos.list(snippet,statistics)",below_100000_or_missing_required_field
시칠리안 SICILIAN,UCchu6XLsbV9PISj5b7XArQA,A6Y-hJQIIOs,"물가, 친절 모든 것이 예상 밖인 대만여행 [대만 02]_타이페이",2023-08-27T01:01:44Z,79572,2026-08-28T21:06:41Z,https://www.youtube.com/watch?v=A6Y-hJQIIOs,"YouTube Data API search.list(order=viewCount,channelId)->videos.list(snippet,statistics)",below_100000_or_missing_required_field
시칠리안 SICILIAN,UCchu6XLsbV9PISj5b7XArQA,hWCmYhswqEM,한국인은 모르는 치앙마이 숨겨진 비밀의 숙소 공개합니다,2025-02-09T01:00:29Z,78579,2026-08-28T21:06:41Z,https://www.youtube.com/watch?v=hWCmYhswqEM,"YouTube Data API search.list(order=viewCount,channelId)->videos.list(snippet,statistics)",below_100000_or_missing_required_field
시칠리안 SICILIAN,UCchu6XLsbV9PISj5b7XArQA,vAJrBwA0vDc,낭만 터지는 태국 14시간 슬리핑 기차여행  [태국 25_치앙마이/방콕],2023-12-10T01:00:31Z,77951,2026-08-28T21:06:41Z,https://www.youtube.com/watch?v=vAJrBwA0vDc,"YouTube Data API search.list(order=viewCount,channelId)->videos.list(snippet,statistics)",below_100000_or_missing_required_field
시칠리안 SICILIAN,UCchu6XLsbV9PISj5b7XArQA,Cz2DI4zAvlM,풀소유 부부의 흔하지 않은 치앙마이 쇼핑리스트,2025-03-02T01:00:07Z,76433,2026-08-28T21:06:41Z,https://www.youtube.com/watch?v=Cz2DI4zAvlM,"YouTube Data API search.list(order=viewCount,channelId)->videos.list(snippet,statistics)",below_100000_or_missing_required_field
시칠리안 SICILIAN,UCchu6XLsbV9PISj5b7XArQA,lPCeF1NFvrI,제주도 이 때는 절대 오지마세요.. 새벽에 급하게 도망쳐 나올 수 밖에 없었던 이유,2024-08-31T00:03:10Z,74532,2026-08-28T21:06:41Z,https://www.youtube.com/watch?v=lPCeF1NFvrI,"YouTube Data API search.list(order=viewCount,channelId)->videos.list(snippet,statistics)",below_100000_or_missing_required_field
시칠리안 SICILIAN,UCchu6XLsbV9PISj5b7XArQA,FQCNl5tdXds,후덜덜한 물가에 놀라고 시작하는 홍콩 입국기 [홍콩 01],2023-10-08T01:00:09Z,74386,2026-08-28T21:06:41Z,https://www.youtube.com/watch?v=FQCNl5tdXds,"YouTube Data API search.list(order=viewCount,channelId)->videos.list(snippet,statistics)",below_100000_or_missing_required_field
시칠리안 SICILIAN,UCchu6XLsbV9PISj5b7XArQA,DYH6pRrrUeA,한달살기 역대 최고 비용을 쓴 제주도의 충격적인 현재 상황,2024-04-21T00:00:05Z,73403,2026-08-28T21:06:41Z,https://www.youtube.com/watch?v=DYH6pRrrUeA,"YouTube Data API search.list(order=viewCount,channelId)->videos.list(snippet,statistics)",below_100000_or_missing_required_field
시칠리안 SICILIAN,UCchu6XLsbV9PISj5b7XArQA,d8qhTTg74pI,"우리가 겨울에 치앙마이에서 살고 있는 이유 [태국 13]_로열파크, 호수뷰 카페",2023-01-15T02:45:01Z,72458,2026-08-28T21:06:41Z,https://www.youtube.com/watch?v=d8qhTTg74pI,"YouTube Data API search.list(order=viewCount,channelId)->videos.list(snippet,statistics)",below_100000_or_missing_required_field
시칠리안 SICILIAN,UCchu6XLsbV9PISj5b7XArQA,L5jqg1QHz3g,하루하루 가격이 달라지는 역대급 물가의 터키 입국기,2024-05-12T00:00:07Z,72458,2026-08-28T21:06:41Z,https://www.youtube.com/watch?v=L5jqg1QHz3g,"YouTube Data API search.list(order=viewCount,channelId)->videos.list(snippet,statistics)",below_100000_or_missing_required_field
시칠리안 SICILIAN,UCchu6XLsbV9PISj5b7XArQA,tYvTDllTPZQ,"발리 해변은 진짜 쓰레기 천국일까? 발리의 멋진 해변은 남쪽에 있었다! [시칠리안 인도네시아 07]_빠당빠당 비치, 울루와뚜, 싱글핀",2023-05-22T08:00:18Z,71376,2026-08-28T21:06:41Z,https://www.youtube.com/watch?v=tYvTDllTPZQ,"YouTube Data API search.list(order=viewCount,channelId)->videos.list(snippet,statistics)",below_100000_or_missing_required_field
시칠리안 SICILIAN,UCchu6XLsbV9PISj5b7XArQA,7wMtrt2BVpM,자꾸만 먹을 걸 주는 인심 좋은 가오슝 여행 시작 [대만 04],2023-09-10T01:00:05Z,69674,2026-08-28T21:06:41Z,https://www.youtube.com/watch?v=7wMtrt2BVpM,"YouTube Data API search.list(order=viewCount,channelId)->videos.list(snippet,statistics)",below_100000_or_missing_required_field
시칠리안 SICILIAN,UCchu6XLsbV9PISj5b7XArQA,Vwnpi70MLjE,제주도 방 세개 짜리 단독주택에 나 혼자 살게된 사연,2024-08-04T00:00:15Z,69143,2026-08-28T21:06:41Z,https://www.youtube.com/watch?v=Vwnpi70MLjE,"YouTube Data API search.list(order=viewCount,channelId)->videos.list(snippet,statistics)",below_100000_or_missing_required_field
시칠리안 SICILIAN,UCchu6XLsbV9PISj5b7XArQA,OE4xJWyAsRU,한국인 97%는 절대 모르는 초가성비 방콕 로컬 탐방기,2026-03-08T01:00:24Z,68586,2026-08-28T21:06:41Z,https://www.youtube.com/watch?v=OE4xJWyAsRU,"YouTube Data API search.list(order=viewCount,channelId)->videos.list(snippet,statistics)",below_100000_or_missing_required_field
하루다씀 HARUDASSEUM,UC7wGJnpnPk50yMm6Kv6lMsQ,i5qsOR-_f0A,3년이 지나 드디어 우리집이 생겼다 (아파트 사전점검 브이로그),2025-05-10T05:45:25Z,38739,2026-08-28T21:06:41Z,https://www.youtube.com/watch?v=i5qsOR-_f0A,"YouTube Data API search.list(order=viewCount,channelId)->videos.list(snippet,statistics)",below_100000_or_missing_required_field
하루다씀 HARUDASSEUM,UC7wGJnpnPk50yMm6Kv6lMsQ,Ek5mi_g2KKw,와이프가 슬램덩크에 빠졌어요  [공부하다가 뛰쳐나가 영화 본 VLOG],2023-02-21T10:06:05Z,21159,2026-08-28T21:06:41Z,https://www.youtube.com/watch?v=Ek5mi_g2KKw,"YouTube Data API search.list(order=viewCount,channelId)->videos.list(snippet,statistics)",below_100000_or_missing_required_field
하루다씀 HARUDASSEUM,UC7wGJnpnPk50yMm6Kv6lMsQ,TayxmFlIR2c,"[유럽ep5] 오스트리아 비엔나여행 3일차 | 판도르프 아울렛, 빈 미술사, 비포선라이즈 촬영지 알베르티나 미술관",2023-10-12T08:13:38Z,19032,2026-08-28T21:06:41Z,https://www.youtube.com/watch?v=TayxmFlIR2c,"YouTube Data API search.list(order=viewCount,channelId)->videos.list(snippet,statistics)",below_100000_or_missing_required_field
하루다씀 HARUDASSEUM,UC7wGJnpnPk50yMm6Kv6lMsQ,YutSVw0Akj4,현지인에게도 관광지같았던 감천문화마을,2023-07-15T10:40:50Z,17431,2026-08-28T21:06:41Z,https://www.youtube.com/watch?v=YutSVw0Akj4,"YouTube Data API search.list(order=viewCount,channelId)->videos.list(snippet,statistics)",below_100000_or_missing_required_field
하루다씀 HARUDASSEUM,UC7wGJnpnPk50yMm6Kv6lMsQ,U7uuV-qjALY,[유럽ep12] 두브로브니크 뷰 최고의 숙소 | 가성비 미친 마트물가 | 구시가지 | 크로아티아,2024-03-04T09:49:35Z,12831,2026-08-28T21:06:41Z,https://www.youtube.com/watch?v=U7uuV-qjALY,"YouTube Data API search.list(order=viewCount,channelId)->videos.list(snippet,statistics)",below_100000_or_missing_required_field
하루다씀 HARUDASSEUM,UC7wGJnpnPk50yMm6Kv6lMsQ,4scEU63WrXo,아킬레스건 파열 수술 | 2주간의 입원 그리고 한달간의 외래 | 입원 브이로그,2024-06-27T13:25:39Z,12218,2026-08-28T21:06:41Z,https://www.youtube.com/watch?v=4scEU63WrXo,"YouTube Data API search.list(order=viewCount,channelId)->videos.list(snippet,statistics)",below_100000_or_missing_required_field
하루다씀 HARUDASSEUM,UC7wGJnpnPk50yMm6Kv6lMsQ,Sq-TyFs3F4o,[유럽ep6] 빈에서 두번의 환승 끝에 도착한 할슈타트 당일치기 | 마지막 오스트리아 여행,2023-10-24T08:01:37Z,11713,2026-08-28T21:06:41Z,https://www.youtube.com/watch?v=Sq-TyFs3F4o,"YouTube Data API search.list(order=viewCount,channelId)->videos.list(snippet,statistics)",below_100000_or_missing_required_field
하루다씀 HARUDASSEUM,UC7wGJnpnPk50yMm6Kv6lMsQ,w5QdQ4sVLMQ,[오늘 뭐먹지?]  달콤 짭짤 가지요리,2023-04-24T04:57:30Z,10698,2026-08-28T21:06:41Z,https://www.youtube.com/watch?v=w5QdQ4sVLMQ,"YouTube Data API search.list(order=viewCount,channelId)->videos.list(snippet,statistics)",below_100000_or_missing_required_field
하루다씀 HARUDASSEUM,UC7wGJnpnPk50yMm6Kv6lMsQ,-_u8aiJz4aI,[유럽ep1] 체코 프라하 여행 / 현지 물가 상태 / 프라하성 수도원맥주 까를교 국립미술관 슈테른베르  Czech Prague day1,2023-09-04T11:23:37Z,10103,2026-08-28T21:06:41Z,https://www.youtube.com/watch?v=-_u8aiJz4aI,"YouTube Data API search.list(order=viewCount,channelId)->videos.list(snippet,statistics)",below_100000_or_missing_required_field
하루다씀 HARUDASSEUM,UC7wGJnpnPk50yMm6Kv6lMsQ,zpteh-uvDlA,[유럽ep11] 너무 눈부셔서 눈을 뜰수없었던 아름다운 휴양도시 스플리트 | 크로아티아,2024-02-13T10:40:57Z,8615,2026-08-28T21:06:41Z,https://www.youtube.com/watch?v=zpteh-uvDlA,"YouTube Data API search.list(order=viewCount,channelId)->videos.list(snippet,statistics)",below_100000_or_missing_required_field
하루다씀 HARUDASSEUM,UC7wGJnpnPk50yMm6Kv6lMsQ,c-V9dFaTrIs,[벤츠마라톤] 광안대교를 달리다 | 기브앤레이스 | 신혼부부VLOG,2023-04-14T09:00:32Z,7299,2026-08-28T21:06:41Z,https://www.youtube.com/watch?v=c-V9dFaTrIs,"YouTube Data API search.list(order=viewCount,channelId)->videos.list(snippet,statistics)",below_100000_or_missing_required_field
하루다씀 HARUDASSEUM,UC7wGJnpnPk50yMm6Kv6lMsQ,wETBuGLyd_Q,[유럽ep10] 크로아티아 국립공원 플리트비체 (H코스) + 스플리트 맛보기,2024-01-08T13:59:21Z,6721,2026-08-28T21:06:41Z,https://www.youtube.com/watch?v=wETBuGLyd_Q,"YouTube Data API search.list(order=viewCount,channelId)->videos.list(snippet,statistics)",below_100000_or_missing_required_field
하루다씀 HARUDASSEUM,UC7wGJnpnPk50yMm6Kv6lMsQ,tdV9rhndA0s,[유럽ep7] 부부싸움으로 얼룩진 눈물의 부다페스트 | 굴라쉬 식당 |  에어비앤비 숙소 추천 | 헝가리 야경,2023-11-06T10:45:58Z,6566,2026-08-28T21:06:41Z,https://www.youtube.com/watch?v=tdV9rhndA0s,"YouTube Data API search.list(order=viewCount,channelId)->videos.list(snippet,statistics)",below_100000_or_missing_required_field
하루다씀 HARUDASSEUM,UC7wGJnpnPk50yMm6Kv6lMsQ,H59duBU_8EE,[유럽ep13] 모든걸 한번에 즐긴 두브로브니크 | 성벽투어 | 부자카페 | 반예비치 | 스르지산 노을,2024-03-25T06:00:06Z,5693,2026-08-28T21:06:41Z,https://www.youtube.com/watch?v=H59duBU_8EE,"YouTube Data API search.list(order=viewCount,channelId)->videos.list(snippet,statistics)",below_100000_or_missing_required_field
하루다씀 HARUDASSEUM,UC7wGJnpnPk50yMm6Kv6lMsQ,KqKFHdGnMY8,MBTI가 다른 부부의 여행 스타일 (ISFJ x ENFP),2023-12-24T14:48:46Z,5536,2026-08-28T21:06:41Z,https://www.youtube.com/watch?v=KqKFHdGnMY8,"YouTube Data API search.list(order=viewCount,channelId)->videos.list(snippet,statistics)",below_100000_or_missing_required_field
하루다씀 HARUDASSEUM,UC7wGJnpnPk50yMm6Kv6lMsQ,ZxguIYKbCY8,부산 캠핑장 추천 | 모든 게 완벽했던 첫 노지캠핑 | 가덕도,2023-07-02T14:55:33Z,5390,2026-08-28T21:06:41Z,https://www.youtube.com/watch?v=ZxguIYKbCY8,"YouTube Data API search.list(order=viewCount,channelId)->videos.list(snippet,statistics)",below_100000_or_missing_required_field
하루다씀 HARUDASSEUM,UC7wGJnpnPk50yMm6Kv6lMsQ,O_lvkUVUGEU,어차피 침대는 너의 것,2024-05-05T11:49:59Z,4802,2026-08-28T21:06:41Z,https://www.youtube.com/watch?v=O_lvkUVUGEU,"YouTube Data API search.list(order=viewCount,channelId)->videos.list(snippet,statistics)",below_100000_or_missing_required_field
하루다씀 HARUDASSEUM,UC7wGJnpnPk50yMm6Kv6lMsQ,wLHEFYg69xo,슬램덩크가 와이프에게 미치는 영향  [해운대 블루라인파크 아침 조깅 VLOG],2023-02-14T16:30:15Z,4551,2026-08-28T21:06:41Z,https://www.youtube.com/watch?v=wLHEFYg69xo,"YouTube Data API search.list(order=viewCount,channelId)->videos.list(snippet,statistics)",below_100000_or_missing_required_field
하루다씀 HARUDASSEUM,UC7wGJnpnPk50yMm6Kv6lMsQ,9mtJOLuWS7o,[오늘 뭐먹지?] 라이스페이퍼 가지야채튀김 / 간단 레시피,2023-08-05T08:00:04Z,4348,2026-08-28T21:06:41Z,https://www.youtube.com/watch?v=9mtJOLuWS7o,"YouTube Data API search.list(order=viewCount,channelId)->videos.list(snippet,statistics)",below_100000_or_missing_required_field
하루다씀 HARUDASSEUM,UC7wGJnpnPk50yMm6Kv6lMsQ,qlkWm5_ewLg,[튀르키예ep1] 날씨도 물가도 미쳐버린 이스탄불 구시가지 여행 | 아야소피아 | 지하저수지 | 슐탄 아흐메트 모스크,2025-06-09T10:36:51Z,4277,2026-08-28T21:06:41Z,https://www.youtube.com/watch?v=qlkWm5_ewLg,"YouTube Data API search.list(order=viewCount,channelId)->videos.list(snippet,statistics)",below_100000_or_missing_required_field
하루다씀 HARUDASSEUM,UC7wGJnpnPk50yMm6Kv6lMsQ,PxK_Y5k9sPU,아무 정보도 없이 어린이대공원에 간 초보 블로거 | 성지곡 | 부산 어린이 대공원,2023-05-28T03:52:51Z,4002,2026-08-28T21:06:41Z,https://www.youtube.com/watch?v=PxK_Y5k9sPU,"YouTube Data API search.list(order=viewCount,channelId)->videos.list(snippet,statistics)",below_100000_or_missing_required_field
하루다씀 HARUDASSEUM,UC7wGJnpnPk50yMm6Kv6lMsQ,dqzsoVkBPAA,[유럽ep2] 체코 프라하 여행 / 구시가지 한번에 둘러 보기 / 천문시계 / 가성비 맛집 / 프라하 야경 / Czech Prague day2,2023-09-11T12:35:11Z,3924,2026-08-28T21:06:41Z,https://www.youtube.com/watch?v=dqzsoVkBPAA,"YouTube Data API search.list(order=viewCount,channelId)->videos.list(snippet,statistics)",below_100000_or_missing_required_field
하루다씀 HARUDASSEUM,UC7wGJnpnPk50yMm6Kv6lMsQ,QnzCMmAyvts,[하루 요리]하루다쓴남편의 오늘 요리는?!!  대구막창,2023-02-19T11:34:55Z,3778,2026-08-28T21:06:41Z,https://www.youtube.com/watch?v=QnzCMmAyvts,"YouTube Data API search.list(order=viewCount,channelId)->videos.list(snippet,statistics)",below_100000_or_missing_required_field
하루다씀 HARUDASSEUM,UC7wGJnpnPk50yMm6Kv6lMsQ,eMvJvwg4R74,[유럽ep3] 오스트리아 비엔나여행 1일차 / 벨베데레궁전 필름페스티벌 빈시청사 숙소추천,2023-09-22T09:32:10Z,3209,2026-08-28T21:06:41Z,https://www.youtube.com/watch?v=eMvJvwg4R74,"YouTube Data API search.list(order=viewCount,channelId)->videos.list(snippet,statistics)",below_100000_or_missing_required_field
하루다씀 HARUDASSEUM,UC7wGJnpnPk50yMm6Kv6lMsQ,fWLpfSb1Vxs,해운대오면 꼭 가야할 곳!! 🌺동백섬 힐링 투어🚶‍♂️| 해운대뷰 산책로 | 3월 동백꽃 개화,2023-03-09T10:13:05Z,3116,2026-08-28T21:06:41Z,https://www.youtube.com/watch?v=fWLpfSb1Vxs,"YouTube Data API search.list(order=viewCount,channelId)->videos.list(snippet,statistics)",below_100000_or_missing_required_field
하루다씀 HARUDASSEUM,UC7wGJnpnPk50yMm6Kv6lMsQ,bYcRxdoLVOI,[유럽ep17] 체코 프라하 동유럽 여행 마지막 날 / 보타니쿠스 쇼핑 / 수도원 맥주 / 중화항공 / Czech Prague,2024-06-01T01:30:19Z,2950,2026-08-28T21:06:41Z,https://www.youtube.com/watch?v=bYcRxdoLVOI,"YouTube Data API search.list(order=viewCount,channelId)->videos.list(snippet,statistics)",below_100000_or_missing_required_field
하루다씀 HARUDASSEUM,UC7wGJnpnPk50yMm6Kv6lMsQ,17ZOhjhx6hU,[유럽ep14] 비가 오는 마지막 두브로브니크 | 구시가지 | 고양이천국,2024-05-01T01:43:55Z,2868,2026-08-28T21:06:41Z,https://www.youtube.com/watch?v=17ZOhjhx6hU,"YouTube Data API search.list(order=viewCount,channelId)->videos.list(snippet,statistics)",below_100000_or_missing_required_field
하루다씀 HARUDASSEUM,UC7wGJnpnPk50yMm6Kv6lMsQ,gV4MWO4-4jI,더운 여름 합천영상테마파크로 가다,2023-07-29T08:00:30Z,2848,2026-08-28T21:06:41Z,https://www.youtube.com/watch?v=gV4MWO4-4jI,"YouTube Data API search.list(order=viewCount,channelId)->videos.list(snippet,statistics)",below_100000_or_missing_required_field
하루다씀 HARUDASSEUM,UC7wGJnpnPk50yMm6Kv6lMsQ,VjrNmXzvlzk,[유럽ep8] 하루만에 즐기는 헝가리 부다페스트 | 시간대별 어부의요새 | 부다성 | 유람선 시간 | 부다페스트 날씨,2023-11-26T01:58:16Z,2328,2026-08-28T21:06:41Z,https://www.youtube.com/watch?v=VjrNmXzvlzk,"YouTube Data API search.list(order=viewCount,channelId)->videos.list(snippet,statistics)",below_100000_or_missing_required_field
하루다씀 HARUDASSEUM,UC7wGJnpnPk50yMm6Kv6lMsQ,8R3YkTjiPys,[유럽ep4] 오스트리아 비엔나여행 2일차 / 쇤부른궁 피그뮐러 슈테판 성페터성당 앙커우인형시계 비엔나야경,2023-10-03T08:46:13Z,2173,2026-08-28T21:06:41Z,https://www.youtube.com/watch?v=8R3YkTjiPys,"YouTube Data API search.list(order=viewCount,channelId)->videos.list(snippet,statistics)",below_100000_or_missing_required_field
하루다씀 HARUDASSEUM,UC7wGJnpnPk50yMm6Kv6lMsQ,KbIUok8eD9M,"부산 장산 등산⛰️ (한국 전쟁 70여년 만에 정상 개방!!) 정상에서 즐기는 해운대, 광안리 뷰!",2023-02-28T14:19:50Z,2149,2026-08-28T21:06:41Z,https://www.youtube.com/watch?v=KbIUok8eD9M,"YouTube Data API search.list(order=viewCount,channelId)->videos.list(snippet,statistics)",below_100000_or_missing_required_field
하루다씀 HARUDASSEUM,UC7wGJnpnPk50yMm6Kv6lMsQ,dQUpu3bgMHw,[유럽ep9] 크로아티아 자그레브에서는 무엇을 할 수 있을까 | 자그레브 여행기,2023-12-18T06:09:16Z,2147,2026-08-28T21:06:41Z,https://www.youtube.com/watch?v=dQUpu3bgMHw,"YouTube Data API search.list(order=viewCount,channelId)->videos.list(snippet,statistics)",below_100000_or_missing_required_field
하루다씀 HARUDASSEUM,UC7wGJnpnPk50yMm6Kv6lMsQ,gvN8Uj2mZ_s,[유럽ep16] 체코 프라하 팁투어 / 꼴레뇨 맛집 PORKS / 바츨라프광장  Czech Prague,2024-05-18T02:00:17Z,2145,2026-08-28T21:06:41Z,https://www.youtube.com/watch?v=gvN8Uj2mZ_s,"YouTube Data API search.list(order=viewCount,channelId)->videos.list(snippet,statistics)",below_100000_or_missing_required_field
하루다씀 HARUDASSEUM,UC7wGJnpnPk50yMm6Kv6lMsQ,RIk4XXIYnEY,[유럽ep15] 두브로브니크에서 프라하 이동 | 두브로브니크 공항 | 위험한 비행,2024-05-12T03:52:39Z,2071,2026-08-28T21:06:41Z,https://www.youtube.com/watch?v=RIk4XXIYnEY,"YouTube Data API search.list(order=viewCount,channelId)->videos.list(snippet,statistics)",below_100000_or_missing_required_field
하루다씀 HARUDASSEUM,UC7wGJnpnPk50yMm6Kv6lMsQ,sFJKYp6FkQA,[튀르키예ep0] 아킬레스 파열 3개월 후 떠나는 첫 여행 | 에어차이나 환승 라운지 경험하기,2025-05-19T08:35:01Z,1946,2026-08-28T21:06:41Z,https://www.youtube.com/watch?v=sFJKYp6FkQA,"YouTube Data API search.list(order=viewCount,channelId)->videos.list(snippet,statistics)",below_100000_or_missing_required_field
하루다씀 HARUDASSEUM,UC7wGJnpnPk50yMm6Kv6lMsQ,QlYoW15KQhI,[리틀포레스트] 와이프의 친정에 갔다 (쌩얼주의🤦‍♀️),2023-05-02T07:00:09Z,1929,2026-08-28T21:06:41Z,https://www.youtube.com/watch?v=QlYoW15KQhI,"YouTube Data API search.list(order=viewCount,channelId)->videos.list(snippet,statistics)",below_100000_or_missing_required_field
하루다씀 HARUDASSEUM,UC7wGJnpnPk50yMm6Kv6lMsQ,8BuQZe_z0Ys,[하루요리] 하루다쓴남편의 오늘 요리는?!! 돼지껍데기,2023-03-11T10:43:54Z,1774,2026-08-28T21:06:41Z,https://www.youtube.com/watch?v=8BuQZe_z0Ys,"YouTube Data API search.list(order=viewCount,channelId)->videos.list(snippet,statistics)",below_100000_or_missing_required_field
하루다씀 HARUDASSEUM,UC7wGJnpnPk50yMm6Kv6lMsQ,jFp89GSCpQk,[하루 요리] 하루다쓴남편의 오늘 저녁 메뉴는?!!,2023-02-05T14:28:56Z,1670,2026-08-28T21:06:41Z,https://www.youtube.com/watch?v=jFp89GSCpQk,"YouTube Data API search.list(order=viewCount,channelId)->videos.list(snippet,statistics)",below_100000_or_missing_required_field
하루다씀 HARUDASSEUM,UC7wGJnpnPk50yMm6Kv6lMsQ,r1KJtKb1G7E,순매원 매화축제 일주일 전 [원동매화마을 갔다가 통도사도 갔는데...],2023-03-05T14:50:00Z,1527,2026-08-28T21:06:41Z,https://www.youtube.com/watch?v=r1KJtKb1G7E,"YouTube Data API search.list(order=viewCount,channelId)->videos.list(snippet,statistics)",below_100000_or_missing_required_field
하루다씀 HARUDASSEUM,UC7wGJnpnPk50yMm6Kv6lMsQ,2c27KuFZHzs,겨울 덕유산 산행🚠 (1월 31일 상고대 눈꽃을 볼 수 있을까?) MVLOG🔊 BGM을 들으면서 덕유산 산행 함께해요,2023-02-01T07:08:25Z,1513,2026-08-28T21:06:41Z,https://www.youtube.com/watch?v=2c27KuFZHzs,"YouTube Data API search.list(order=viewCount,channelId)->videos.list(snippet,statistics)",below_100000_or_missing_required_field
하루다씀 HARUDASSEUM,UC7wGJnpnPk50yMm6Kv6lMsQ,F3OPgqU61KI,[오늘 뭐먹지?]  전복버터구이 & 새우갈릭버터 & 전복내장볶음밥 / 전복 레시피,2023-03-20T12:51:17Z,1508,2026-08-28T21:06:41Z,https://www.youtube.com/watch?v=F3OPgqU61KI,"YouTube Data API search.list(order=viewCount,channelId)->videos.list(snippet,statistics)",below_100000_or_missing_required_field
하루다씀 HARUDASSEUM,UC7wGJnpnPk50yMm6Kv6lMsQ,yxgwDQPvlic,[하루 요리] 하루다쓴남편의 오늘 저녁 메뉴는?!!,2023-02-08T12:03:07Z,1485,2026-08-28T21:06:41Z,https://www.youtube.com/watch?v=yxgwDQPvlic,"YouTube Data API search.list(order=viewCount,channelId)->videos.list(snippet,statistics)",below_100000_or_missing_required_field
하루다씀 HARUDASSEUM,UC7wGJnpnPk50yMm6Kv6lMsQ,cxz5NOOVmvU,[랜선 집들이] 이사가기 전 남겨보는 우리의 부산 첫 신혼집,2024-04-05T07:32:23Z,1438,2026-08-28T21:06:41Z,https://www.youtube.com/watch?v=cxz5NOOVmvU,"YouTube Data API search.list(order=viewCount,channelId)->videos.list(snippet,statistics)",below_100000_or_missing_required_field
하루다씀 HARUDASSEUM,UC7wGJnpnPk50yMm6Kv6lMsQ,RnEIMYnYMmA,해외여행 와이프의 기습질문에 대처하는 법,2023-12-19T13:54:34Z,1400,2026-08-28T21:06:41Z,https://www.youtube.com/watch?v=RnEIMYnYMmA,"YouTube Data API search.list(order=viewCount,channelId)->videos.list(snippet,statistics)",below_100000_or_missing_required_field
하루다씀 HARUDASSEUM,UC7wGJnpnPk50yMm6Kv6lMsQ,PmTB4tjHTXg,[튀르키예ep7-2] 이스탄불 여행 마지막 | 아시아지구 | 유람선 | 까르푸 | 갈라타타워,2026-05-03T01:17:26Z,1394,2026-08-28T21:06:41Z,https://www.youtube.com/watch?v=PmTB4tjHTXg,"YouTube Data API search.list(order=viewCount,channelId)->videos.list(snippet,statistics)",below_100000_or_missing_required_field
하루다씀 HARUDASSEUM,UC7wGJnpnPk50yMm6Kv6lMsQ,RV0OHYRr23Q,샐러드 맛있게 만들기!,2023-05-03T13:21:39Z,1374,2026-08-28T21:06:41Z,https://www.youtube.com/watch?v=RV0OHYRr23Q,"YouTube Data API search.list(order=viewCount,channelId)->videos.list(snippet,statistics)",below_100000_or_missing_required_field
하루다씀 HARUDASSEUM,UC7wGJnpnPk50yMm6Kv6lMsQ,4omrxApYm3M,5월에 꼭 가야할 울산 봄꽃축제 | 울산 태화강 국가정원 | 울산대공원 장미축제 | 울산여행 데이트,2023-05-19T03:15:00Z,1326,2026-08-28T21:06:41Z,https://www.youtube.com/watch?v=4omrxApYm3M,"YouTube Data API search.list(order=viewCount,channelId)->videos.list(snippet,statistics)",below_100000_or_missing_required_field
하루다씀 HARUDASSEUM,UC7wGJnpnPk50yMm6Kv6lMsQ,rlgcEMK1DiY,더 퍼스트 슬램덩크가 와이프에게 미치는 영향 #shorts,2023-02-15T11:25:55Z,1180,2026-08-28T21:06:41Z,https://www.youtube.com/watch?v=rlgcEMK1DiY,"YouTube Data API search.list(order=viewCount,channelId)->videos.list(snippet,statistics)",below_100000_or_missing_required_field
하루다씀 HARUDASSEUM,UC7wGJnpnPk50yMm6Kv6lMsQ,KLbAF6LTOg8,오륙도 & 이기대 | 수선화가 만개한 SNS 핫플 | 부산 봄나들이,2023-03-23T13:50:01Z,1141,2026-08-28T21:06:41Z,https://www.youtube.com/watch?v=KLbAF6LTOg8,"YouTube Data API search.list(order=viewCount,channelId)->videos.list(snippet,statistics)",below_100000_or_missing_required_field
하루다씀 HARUDASSEUM,UC7wGJnpnPk50yMm6Kv6lMsQ,YAlHK3kd9Sk,500일만에 한 혼인신고 | 혼인신고 준비물 및 방법 | 우리 드디어 진짜 부부...? | 신혼 브이로그,2023-03-19T13:06:50Z,1087,2026-08-28T21:06:41Z,https://www.youtube.com/watch?v=YAlHK3kd9Sk,"YouTube Data API search.list(order=viewCount,channelId)->videos.list(snippet,statistics)",below_100000_or_missing_required_field
한달살러 신디와쏭 Shindywassong,UC1E2DOD7f4E-bfKGUr1r2jQ,FDIwplc2FNY,🇰🇷 역대 최고 생활비 제주 살이. 그럼에도 일 년을 더 살기로한 이유 (일 년 살이 비용 대공개) / 파이어족 부부 세계여행 [195] 대한민국 [10],2024-06-30T01:00:17Z,93440,2026-08-28T21:06:41Z,https://www.youtube.com/watch?v=FDIwplc2FNY,"YouTube Data API search.list(order=viewCount,channelId)->videos.list(snippet,statistics)",below_100000_or_missing_required_field
한달살러 신디와쏭 Shindywassong,UC1E2DOD7f4E-bfKGUr1r2jQ,q-0XRAtjm6E,"🇨🇭 스위스 가는 기차에서 도둑 만나고, 렌트카 회사에서는 눈탱이 맞고... 살 떨리는 하루 / 파이어족의 세계여행 [28] 스위스 [1]",2021-10-09T06:57:34Z,90274,2026-08-28T21:06:41Z,https://www.youtube.com/watch?v=q-0XRAtjm6E,"YouTube Data API search.list(order=viewCount,channelId)->videos.list(snippet,statistics)",below_100000_or_missing_required_field
한달살러 신디와쏭 Shindywassong,UC1E2DOD7f4E-bfKGUr1r2jQ,lgGhzs2BDqM,"🇪🇸 30대 초 조기 은퇴 부부, 세비야에서 현지인(Sevillanos)처럼 살아보기 / 세비야 골목 투어 / 파이어족의 세계여행 [67] 스페인 [14]",2022-03-16T22:45:54Z,88029,2026-08-28T21:06:41Z,https://www.youtube.com/watch?v=lgGhzs2BDqM,"YouTube Data API search.list(order=viewCount,channelId)->videos.list(snippet,statistics)",below_100000_or_missing_required_field
한달살러 신디와쏭 Shindywassong,UC1E2DOD7f4E-bfKGUr1r2jQ,dsrunc0blLw,🇹🇷 환율 폭락 후 반년.. 아직도 혼란스러운 터키(튀르키예) 물가 현상황. 물가 파악 영상 찍다가 중도 포기해버림 / 파이어족의 세계여행 [101] 튀르키예 [21],2022-07-29T03:54:49Z,85873,2026-08-28T21:06:41Z,https://www.youtube.com/watch?v=dsrunc0blLw,"YouTube Data API search.list(order=viewCount,channelId)->videos.list(snippet,statistics)",below_100000_or_missing_required_field
한달살러 신디와쏭 Shindywassong,UC1E2DOD7f4E-bfKGUr1r2jQ,Ek5tMQPg8d4,🇰🇷 파이어족으로서 제주도에 정착해 살기 위한 비용을 낱낱이 파헤쳐 보는 프로젝트! 제주살이.. 진짜로 얼마나 필요해? / 파이어족 부부 세계여행 [193] 대한민국 [8],2024-05-19T02:47:53Z,85831,2026-08-28T21:06:41Z,https://www.youtube.com/watch?v=Ek5tMQPg8d4,"YouTube Data API search.list(order=viewCount,channelId)->videos.list(snippet,statistics)",below_100000_or_missing_required_field
한달살러 신디와쏭 Shindywassong,UC1E2DOD7f4E-bfKGUr1r2jQ,AXWtv2bGC4g,"🇵🇹 파이어족의 포르투 한 달 살기, 아주 솔직한 후기 / 비용 / 장단점 / 꿀팁 / 파이어족의 세계여행 [21] 포르투갈 [19]",2021-09-12T01:29:14Z,80341,2026-08-28T21:06:41Z,https://www.youtube.com/watch?v=AXWtv2bGC4g,"YouTube Data API search.list(order=viewCount,channelId)->videos.list(snippet,statistics)",below_100000_or_missing_required_field
한달살러 신디와쏭 Shindywassong,UC1E2DOD7f4E-bfKGUr1r2jQ,4lkBmeR76YU,"🇦🇹 미쳐가는 유럽 월세!! 세계에서 가장 살기 좋은 도시에서 다시 시작하는 한 달 살기, 그런데.. 여기.. 월세는 얼마야? / 파이어족의 세계여행 [202] 오스트리아 [2]",2024-11-10T02:46:12Z,78825,2026-08-28T21:06:41Z,https://www.youtube.com/watch?v=4lkBmeR76YU,"YouTube Data API search.list(order=viewCount,channelId)->videos.list(snippet,statistics)",below_100000_or_missing_required_field
한달살러 신디와쏭 Shindywassong,UC1E2DOD7f4E-bfKGUr1r2jQ,fB4LlR9Pj0I,🇹🇭 방콕 근교서 월 400불에 초호화시설을 즐길 수 있는 레지던스 랜선 집들이 / 파이어족 부부 세계여행 [151] 태국 [5],2023-05-14T00:00:13Z,76927,2026-08-28T21:06:41Z,https://www.youtube.com/watch?v=fB4LlR9Pj0I,"YouTube Data API search.list(order=viewCount,channelId)->videos.list(snippet,statistics)",below_100000_or_missing_required_field
한달살러 신디와쏭 Shindywassong,UC1E2DOD7f4E-bfKGUr1r2jQ,Kpit2GBV1jY,🌍 한 달 살기 어디로 갈지 고민된다면? 한 달 살기 '준'전문가가 도시 별로 냉철하게 점수를 매겨보았다 / 파이어족의 세계여행 [197],2024-08-11T02:11:24Z,74649,2026-08-28T21:06:41Z,https://www.youtube.com/watch?v=Kpit2GBV1jY,"YouTube Data API search.list(order=viewCount,channelId)->videos.list(snippet,statistics)",below_100000_or_missing_required_field
한달살러 신디와쏭 Shindywassong,UC1E2DOD7f4E-bfKGUr1r2jQ,vR0raUI8quA,"🇰🇷 조기 은퇴 및 세계 여행 그 후 즐거운 제주 라이프, 의외의 복병을 만나 망해버렸다 / 파이어족 부부의 제주살이 [155] 대한민국 [11]",2025-12-24T09:01:28Z,73966,2026-08-28T21:06:41Z,https://www.youtube.com/watch?v=vR0raUI8quA,"YouTube Data API search.list(order=viewCount,channelId)->videos.list(snippet,statistics)",below_100000_or_missing_required_field
한달살러 신디와쏭 Shindywassong,UC1E2DOD7f4E-bfKGUr1r2jQ,GwhfHo4k2lA,🇦🇹 이대로는 제주에서의 생활이 어려울 것 같아 새로운 곳으로 떠나요 / 파이어족의 세계여행 [201] 오스트리아 [1],2024-11-06T01:46:56Z,73751,2026-08-28T21:06:41Z,https://www.youtube.com/watch?v=GwhfHo4k2lA,"YouTube Data API search.list(order=viewCount,channelId)->videos.list(snippet,statistics)",below_100000_or_missing_required_field
한달살러 신디와쏭 Shindywassong,UC1E2DOD7f4E-bfKGUr1r2jQ,J6gbWhSLArQ,"🔥 파이어족[6] 적금 이자 두 배 만드는 선납이연, 적금이 예금보다 몇 % 더 높아야 유리할까? / 기타 선납이연 Q&A / 파이어족의 필수 스킬 [번외19] [숫자많음주의]",2023-02-12T00:53:32Z,70586,2026-08-28T21:06:41Z,https://www.youtube.com/watch?v=J6gbWhSLArQ,"YouTube Data API search.list(order=viewCount,channelId)->videos.list(snippet,statistics)",below_100000_or_missing_required_field
한달살러 신디와쏭 Shindywassong,UC1E2DOD7f4E-bfKGUr1r2jQ,yXLj6Hmbo6A,🇰🇷 어느 정도 정착 좀 하나 했더니.. 또 떠납니다..ㅠ 결국 시골 살이를 정리하는 슬픈 이유 / 파이어족 부부의 제주살이 [160] 대한민국 [16],2026-07-05T01:00:31Z,70543,2026-08-28T21:06:41Z,https://www.youtube.com/watch?v=yXLj6Hmbo6A,"YouTube Data API search.list(order=viewCount,channelId)->videos.list(snippet,statistics)",below_100000_or_missing_required_field
한달살러 신디와쏭 Shindywassong,UC1E2DOD7f4E-bfKGUr1r2jQ,m9aGU_7EC4I,"🇷🇴 한 달 살기 최초, 갑작스런 중도 변경!! 도시가 맘에 안들면 포기하고 떠나기도 해야지 / 시기쇼아라 그리고 시비우 / 파이어족 부부의 세계여행 [118] 루마니아 [4]",2022-10-23T08:27:00Z,69665,2026-08-28T21:06:41Z,https://www.youtube.com/watch?v=m9aGU_7EC4I,"YouTube Data API search.list(order=viewCount,channelId)->videos.list(snippet,statistics)",below_100000_or_missing_required_field
한달살러 신디와쏭 Shindywassong,UC1E2DOD7f4E-bfKGUr1r2jQ,um9_RfvgB0c,🇲🇰 일찍 은퇴하면 맨날 심심하게 뭐하고 사냐고? 심심해도 안심심해도 하루하루 마냥 좋은 오흐리드 한 달 살기 / 파이어족의 세계여행 [108] 북마케도니아 [3],2022-08-25T08:45:03Z,67432,2026-08-28T21:06:41Z,https://www.youtube.com/watch?v=um9_RfvgB0c,"YouTube Data API search.list(order=viewCount,channelId)->videos.list(snippet,statistics)",below_100000_or_missing_required_field
한달살러 신디와쏭 Shindywassong,UC1E2DOD7f4E-bfKGUr1r2jQ,g6C7su92PCY,🇬🇧 파이어를 그만 둬야 할까? 돈이 벌고 싶어졌다. 에든버러를 알아버렸기 때문에. / 파이어족 부부의 세계여행 [145] 영국 [2],2025-07-07T08:00:47Z,67064,2026-08-28T21:06:41Z,https://www.youtube.com/watch?v=g6C7su92PCY,"YouTube Data API search.list(order=viewCount,channelId)->videos.list(snippet,statistics)",below_100000_or_missing_required_field
한달살러 신디와쏭 Shindywassong,UC1E2DOD7f4E-bfKGUr1r2jQ,ioIppvmOZUo,"🇰🇷 대중교통 생활 끝, 제주 4년 차에 드디어 첫 차를 사게 되었다 / 파이어족 부부의 제주살이 [158] 대한민국 [14]",2026-05-24T01:30:51Z,66619,2026-08-28T21:06:41Z,https://www.youtube.com/watch?v=ioIppvmOZUo,"YouTube Data API search.list(order=viewCount,channelId)->videos.list(snippet,statistics)",below_100000_or_missing_required_field
한달살러 신디와쏭 Shindywassong,UC1E2DOD7f4E-bfKGUr1r2jQ,RoH6zpPmykM,"🇪🇸 윤식당으로 알려진 테네리페, 북유럽 은퇴자들의 은퇴 후 정착지 영원한 1순위 후보 / 푸에르토 데라 크루즈 / 파이어족의 세계여행 [61] 스페인 [8]",2022-02-17T01:19:35Z,64581,2026-08-28T21:06:41Z,https://www.youtube.com/watch?v=RoH6zpPmykM,"YouTube Data API search.list(order=viewCount,channelId)->videos.list(snippet,statistics)",below_100000_or_missing_required_field
한달살러 신디와쏭 Shindywassong,UC1E2DOD7f4E-bfKGUr1r2jQ,f9vt2RacNH8,🇻🇳 기분 좋게 온 달랏 여행을 몽땅 망친 에어비앤비 숙소.. 환불이 어렵다구?? 에어비앤비 비교적 쉽게 환불받는 방법 / 파이어족 부부 세계여행 [165] 베트남 [1],2023-08-20T01:00:15Z,64379,2026-08-28T21:06:41Z,https://www.youtube.com/watch?v=f9vt2RacNH8,"YouTube Data API search.list(order=viewCount,channelId)->videos.list(snippet,statistics)",below_100000_or_missing_required_field
한달살러 신디와쏭 Shindywassong,UC1E2DOD7f4E-bfKGUr1r2jQ,feWkN93RtJ0,🇰🇷 2년 간의 세계여행을 갑자기 중단하고 급귀국했다. 예정에 없던 사흘간의 짧은 한국 방문기 / 파이어족 부부 세계여행 [162] 대한민국 [1],2023-07-30T01:53:46Z,62621,2026-08-28T21:06:41Z,https://www.youtube.com/watch?v=feWkN93RtJ0,"YouTube Data API search.list(order=viewCount,channelId)->videos.list(snippet,statistics)",below_100000_or_missing_required_field
한달살러 신디와쏭 Shindywassong,UC1E2DOD7f4E-bfKGUr1r2jQ,4ScS4kN5TJY,"🇲🇰 쏭님과 함께하는 본격 귀에 피나는 시간, '북마케도니아'는 대체 어떤 나라인가? 유럽 약소국의 설움 / 파이어족의 세계여행 [106] 북마케도니아 [2]",2022-08-14T02:42:06Z,61210,2026-08-28T21:06:41Z,https://www.youtube.com/watch?v=4ScS4kN5TJY,"YouTube Data API search.list(order=viewCount,channelId)->videos.list(snippet,statistics)",below_100000_or_missing_required_field
한달살러 신디와쏭 Shindywassong,UC1E2DOD7f4E-bfKGUr1r2jQ,w-oXzWieL2I,"🇪🇸 까디쓰(Cadiz), 이 도시에서 한 달을 살아야만 하는 이유 / 카디즈 / 카디스 / 파이어족의 세계여행 [70] 스페인 [17]",2022-03-30T08:55:26Z,59740,2026-08-28T21:06:41Z,https://www.youtube.com/watch?v=w-oXzWieL2I,"YouTube Data API search.list(order=viewCount,channelId)->videos.list(snippet,statistics)",below_100000_or_missing_required_field
한달살러 신디와쏭 Shindywassong,UC1E2DOD7f4E-bfKGUr1r2jQ,ClRe_AYmtf4,"🇨🇿 환율, 물가, 부동산 모든게 폭등 중인 유럽, 우리 이민 계획은 망해버린건가 ㅠㅠ / 파이어족 부부의 세계여행 [128] 체코/체키아 [7]",2025-01-19T03:02:09Z,58990,2026-08-28T21:06:41Z,https://www.youtube.com/watch?v=ClRe_AYmtf4,"YouTube Data API search.list(order=viewCount,channelId)->videos.list(snippet,statistics)",below_100000_or_missing_required_field
한달살러 신디와쏭 Shindywassong,UC1E2DOD7f4E-bfKGUr1r2jQ,K_uF94f8Mlw,🇪🇸 만원이면 충분한 세비야의 하루 / 파이어족의 세계여행 [69] 스페인 [16],2022-03-24T22:04:35Z,58738,2026-08-28T21:06:41Z,https://www.youtube.com/watch?v=K_uF94f8Mlw,"YouTube Data API search.list(order=viewCount,channelId)->videos.list(snippet,statistics)",below_100000_or_missing_required_field
한달살러 신디와쏭 Shindywassong,UC1E2DOD7f4E-bfKGUr1r2jQ,-SgBn-pgoO0,🔥파이어족[7] 대부분의 한국인들이 가진 파이어족에 대한 오해들에 대해 말해보는 시간 [번외21],2023-05-28T02:12:20Z,57464,2026-08-28T21:06:41Z,https://www.youtube.com/watch?v=-SgBn-pgoO0,"YouTube Data API search.list(order=viewCount,channelId)->videos.list(snippet,statistics)",below_100000_or_missing_required_field
한달살러 신디와쏭 Shindywassong,UC1E2DOD7f4E-bfKGUr1r2jQ,Jf2E0abjQdI,"🇵🇱 삼겹살이 한근에 4천원에, 김치도 파는 폴란드 마트. 물가는 한국을 안닮은 폴란드 물가 상황 / 폴란드의 우크라이나 난민 상황 / 파이어족의 세계여행 [92] 폴란드 [2]",2022-06-28T10:05:40Z,56509,2026-08-28T21:06:41Z,https://www.youtube.com/watch?v=Jf2E0abjQdI,"YouTube Data API search.list(order=viewCount,channelId)->videos.list(snippet,statistics)",below_100000_or_missing_required_field
한달살러 신디와쏭 Shindywassong,UC1E2DOD7f4E-bfKGUr1r2jQ,JjoPNYxJe-U,"⁉️ 첫 Q&A, 쏭님은 왜 비공개하나요? 앞으로의 일정? 가장 좋았던 곳?.. /  파이어족의 세계여행 [번외10] [투머치토커주의]",2022-04-16T23:06:27Z,54293,2026-08-28T21:06:41Z,https://www.youtube.com/watch?v=JjoPNYxJe-U,"YouTube Data API search.list(order=viewCount,channelId)->videos.list(snippet,statistics)",below_100000_or_missing_required_field
한달살러 신디와쏭 Shindywassong,UC1E2DOD7f4E-bfKGUr1r2jQ,H5HQYugmzus,🇮🇹 이탈리아와는 다른 언어를 가진 시칠리아 시라쿠사에서 시작하는 한 달 살기 / 간만에 귀에 피나는 쏭님 타임 / 파이어족 부부의 세계여행 [130] 시칠리아 [1],2023-01-07T21:42:50Z,53639,2026-08-28T21:06:41Z,https://www.youtube.com/watch?v=H5HQYugmzus,"YouTube Data API search.list(order=viewCount,channelId)->videos.list(snippet,statistics)",below_100000_or_missing_required_field
한달살러 신디와쏭 Shindywassong,UC1E2DOD7f4E-bfKGUr1r2jQ,qKIueIAcQPQ,"🇷🇴 삼겹살 1kg 4천원 대, 맥주 500ml 한 캔 500원 대인 루마니아의 미치게 행복한 물가 / 파이어족 부부의 세계여행 [121] 루마니아 [7]",2022-11-11T07:07:45Z,52976,2026-08-28T21:06:41Z,https://www.youtube.com/watch?v=qKIueIAcQPQ,"YouTube Data API search.list(order=viewCount,channelId)->videos.list(snippet,statistics)",below_100000_or_missing_required_field
한달살러 신디와쏭 Shindywassong,UC1E2DOD7f4E-bfKGUr1r2jQ,JH_wb7tUZzY,🌍 2년 간의 세계 여행 총 비용을 공개합니다! / 파이어족의 세계여행 [196],2024-07-21T01:00:12Z,52312,2026-08-28T21:06:41Z,https://www.youtube.com/watch?v=JH_wb7tUZzY,"YouTube Data API search.list(order=viewCount,channelId)->videos.list(snippet,statistics)",below_100000_or_missing_required_field
한달살러 신디와쏭 Shindywassong,UC1E2DOD7f4E-bfKGUr1r2jQ,c1Fmdhqx2WY,"🇷🇴 1년 4개월 째 장기 여행 중, 좋은 걸 봐도 좋지만은 않은 오묘한 기분 / 파이어족 부부의 세계여행 [120] 루마니아 [6]",2022-11-06T12:13:30Z,52013,2026-08-28T21:06:41Z,https://www.youtube.com/watch?v=c1Fmdhqx2WY,"YouTube Data API search.list(order=viewCount,channelId)->videos.list(snippet,statistics)",below_100000_or_missing_required_field
한달살러 신디와쏭 Shindywassong,UC1E2DOD7f4E-bfKGUr1r2jQ,eCyre6VLmZ8,"🇮🇹 내일이면 마흔, 아직도 정착하지 못하고 살 곳을 찾아 떠도는 파이어족 부부의 세계여행 in 베로나 [149] 이탈리아 [4]",2025-08-03T01:00:42Z,52006,2026-08-28T21:06:41Z,https://www.youtube.com/watch?v=eCyre6VLmZ8,"YouTube Data API search.list(order=viewCount,channelId)->videos.list(snippet,statistics)",below_100000_or_missing_required_field
한달살러 신디와쏭 Shindywassong,UC1E2DOD7f4E-bfKGUr1r2jQ,IgtyEYifTX4,🇰🇷 제주도에 왔다가 전문 확대범과 살게 돼버린 이탈리아인. 한국에 왔으면 밥부터 먹는거야~ 어서 먹어~! / 파이어족 부부 세계여행 [192] 대한민국 [7],2024-04-16T02:00:06Z,29312,2026-08-28T21:06:41Z,https://www.youtube.com/watch?v=IgtyEYifTX4,"YouTube Data API search.list(order=viewCount,channelId)->videos.list(snippet,statistics)",below_100000_or_missing_required_field
한달살러 신디와쏭 Shindywassong,UC1E2DOD7f4E-bfKGUr1r2jQ,E-R_ZqQGOT8,"🇹🇭 우리에겐 너무 핫한 방콕, 시내 나간지 1시간만에 돌아온 이유 / 파이어족 부부 세계여행 [150] 태국 [4]",2023-05-11T02:00:08Z,28978,2026-08-28T21:06:41Z,https://www.youtube.com/watch?v=E-R_ZqQGOT8,"YouTube Data API search.list(order=viewCount,channelId)->videos.list(snippet,statistics)",below_100000_or_missing_required_field
한달살러 신디와쏭 Shindywassong,UC1E2DOD7f4E-bfKGUr1r2jQ,Ew0TDjJv6sY,🇹🇷 터키 시골에서 우연히 현지인 집 초대 받아보기! / 파이어족의 세계여행 [51] 터키 [6],2021-12-21T23:30:39Z,28563,2026-08-28T21:06:41Z,https://www.youtube.com/watch?v=Ew0TDjJv6sY,"YouTube Data API search.list(order=viewCount,channelId)->videos.list(snippet,statistics)",below_100000_or_missing_required_field
한달살러 신디와쏭 Shindywassong,UC1E2DOD7f4E-bfKGUr1r2jQ,tkAFZm9skAk,🇹🇭 호불호 찐-하게 갈리는 방콕 두 달 살기 솔직 리뷰 (안보고 그냥 가면 100% 후회 보장! )/ 파이어족 부부 세계여행 [159] 태국 [13],2023-07-13T02:34:23Z,28547,2026-08-28T21:06:41Z,https://www.youtube.com/watch?v=tkAFZm9skAk,"YouTube Data API search.list(order=viewCount,channelId)->videos.list(snippet,statistics)",below_100000_or_missing_required_field
한달살러 신디와쏭 Shindywassong,UC1E2DOD7f4E-bfKGUr1r2jQ,8TP2iuew7PA,"🇮🇹 시라쿠사 한 달 살기 종료 및 가계부 대공개, 그리고 발리 한 달 살기 잠깐 엿보기 / 파이어족 부부 세계여행 [140] 시칠리아 [9]",2023-03-19T00:00:04Z,28182,2026-08-28T21:06:41Z,https://www.youtube.com/watch?v=8TP2iuew7PA,"YouTube Data API search.list(order=viewCount,channelId)->videos.list(snippet,statistics)",below_100000_or_missing_required_field
한달살러 신디와쏭 Shindywassong,UC1E2DOD7f4E-bfKGUr1r2jQ,BHGXQf5yLNM,"🇹🇭 유럽보다도 비싼 숙소에서 한 달을 시작했다ㄷㄷ 남들은 신혼여행 오는 섬, 꼬 싸무이서 손 떨리는 한 달 살기 / 파이어족 부부 세계여행 [160] 태국 [14]",2023-07-16T01:00:06Z,27596,2026-08-28T21:06:41Z,https://www.youtube.com/watch?v=BHGXQf5yLNM,"YouTube Data API search.list(order=viewCount,channelId)->videos.list(snippet,statistics)",below_100000_or_missing_required_field
한달살러 신디와쏭 Shindywassong,UC1E2DOD7f4E-bfKGUr1r2jQ,43gGwQrlXXg,"🇵🇹 포르투(Porto) 한 달 살기 시작, 랜선 집들이 / 포르투 월세 / 파이어족의 세계여행 [16] 포르투갈 [14]",2021-08-20T10:31:44Z,25699,2026-08-28T21:06:41Z,https://www.youtube.com/watch?v=43gGwQrlXXg,"YouTube Data API search.list(order=viewCount,channelId)->videos.list(snippet,statistics)",below_100000_or_missing_required_field
한달살러 신디와쏭 Shindywassong,UC1E2DOD7f4E-bfKGUr1r2jQ,6wOshv-SLRM,🇹🇷 터키의 젊은 사람들은 현재의 터키 상황을 어떻게 생각할까 한 번 물어봤습니다. 그런데.. / 터키 경제 / 터키 환율 / 터키 탈출 [번외5] [터키 경찰 주의],2021-12-27T06:03:33Z,25543,2026-08-28T21:06:41Z,https://www.youtube.com/watch?v=6wOshv-SLRM,"YouTube Data API search.list(order=viewCount,channelId)->videos.list(snippet,statistics)",below_100000_or_missing_required_field
한달살러 신디와쏭 Shindywassong,UC1E2DOD7f4E-bfKGUr1r2jQ,9ru8dGFVJZA,"🇮🇹 오버 투어리즘 베네치아, 여유롭게 즐기는 방법! / 파이어족 부부의 세계여행 [148] 이탈리아 [3]",2025-07-28T08:02:52Z,23861,2026-08-28T21:06:41Z,https://www.youtube.com/watch?v=9ru8dGFVJZA,"YouTube Data API search.list(order=viewCount,channelId)->videos.list(snippet,statistics)",below_100000_or_missing_required_field
한달살러 신디와쏭 Shindywassong,UC1E2DOD7f4E-bfKGUr1r2jQ,IpEKEf1socE,🇫🇷 그냥 별 건 없는데.. 미친듯이 예쁜 스트라스부르(Strasbourg) / 파이어족의 세계여행 [27] 프랑스 [3],2021-10-06T09:46:41Z,22767,2026-08-28T21:06:41Z,https://www.youtube.com/watch?v=IpEKEf1socE,"YouTube Data API search.list(order=viewCount,channelId)->videos.list(snippet,statistics)",below_100000_or_missing_required_field
한달살러 신디와쏭 Shindywassong,UC1E2DOD7f4E-bfKGUr1r2jQ,mZDHFb-VXEo,"🇮🇹 내 눈 앞엔 노을, 구독자, 맥주, 성공적 .. 인 타오르미나에서의 하루 / 파이어족 부부 세계여행 [139] 시칠리아 [8]",2023-03-17T11:26:44Z,22086,2026-08-28T21:06:41Z,https://www.youtube.com/watch?v=mZDHFb-VXEo,"YouTube Data API search.list(order=viewCount,channelId)->videos.list(snippet,statistics)",below_100000_or_missing_required_field
한달살러 신디와쏭 Shindywassong,UC1E2DOD7f4E-bfKGUr1r2jQ,nmmQm9mIOcI,🇪🇺 물가 대폭등해버린 유럽에서의 4개월 여행 ㅎㄷㄷ한 여행비용 정산해보기 / 파이어족 부부의 세계여행 [154],2025-10-08T05:12:03Z,21895,2026-08-28T21:06:41Z,https://www.youtube.com/watch?v=nmmQm9mIOcI,"YouTube Data API search.list(order=viewCount,channelId)->videos.list(snippet,statistics)",below_100000_or_missing_required_field
한달살러 신디와쏭 Shindywassong,UC1E2DOD7f4E-bfKGUr1r2jQ,R6oH135L9_o,"🇹🇷 안탈리아 한 달 살기 시즌2, 한 달 동안 함께할 집을 소개합니다. 스세권 초 중심가 초대형 테라스 하우스가 이 가격!? / 파이어족의 세계여행 [99] 튀르키예 [19]",2022-07-21T09:10:27Z,21865,2026-08-28T21:06:41Z,https://www.youtube.com/watch?v=R6oH135L9_o,"YouTube Data API search.list(order=viewCount,channelId)->videos.list(snippet,statistics)",below_100000_or_missing_required_field
한달살러 신디와쏭 Shindywassong,UC1E2DOD7f4E-bfKGUr1r2jQ,WrONIkMkHkI,"🇹🇷 이즈미르에서 보낸 크리스마스, 이슬람 국가의 크리스마스는 어떤 분위기일까? / 파이어족의 세계여행 [57] 터키 [12]",2022-01-27T22:56:08Z,21753,2026-08-28T21:06:41Z,https://www.youtube.com/watch?v=WrONIkMkHkI,"YouTube Data API search.list(order=viewCount,channelId)->videos.list(snippet,statistics)",below_100000_or_missing_required_field
한달살러 신디와쏭 Shindywassong,UC1E2DOD7f4E-bfKGUr1r2jQ,jzU90d3WGCE,"🇮🇹 1년 반 째 유럽서 한 달 사는 부부의 마지막 한 달 살기 종착지, 유럽의 동남아 팔레르모에 왔다 / 파이어족 부부 세계여행 [141] 시칠리아 [10]",2023-03-23T08:04:16Z,21576,2026-08-28T21:06:41Z,https://www.youtube.com/watch?v=jzU90d3WGCE,"YouTube Data API search.list(order=viewCount,channelId)->videos.list(snippet,statistics)",below_100000_or_missing_required_field
한달살러 신디와쏭 Shindywassong,UC1E2DOD7f4E-bfKGUr1r2jQ,0hRM4HsuTqI,"🇬🇪 시그나기 가려다 실패한 김에 레알 조지아 로컬 음식 먹고, 엄청나게 큰 트빌리시 로컬 시장 탐험하기 / 삼고리 / 파이어족의 세계여행 [44] 조지아 [10]",2021-11-28T00:59:51Z,21559,2026-08-28T21:06:41Z,https://www.youtube.com/watch?v=0hRM4HsuTqI,"YouTube Data API search.list(order=viewCount,channelId)->videos.list(snippet,statistics)",below_100000_or_missing_required_field
한달살러 신디와쏭 Shindywassong,UC1E2DOD7f4E-bfKGUr1r2jQ,rSGUZ1o9a8w,🇮🇹 유럽서 물 좋기로 소문난 곳이 있다해서 찾아갔는데.. 여기에 살고싶다 / 해외살이 파이어족 일상 / 몬델로 / 파이어족 부부 세계여행 [144] 시칠리아 [13],2023-04-15T02:36:00Z,21005,2026-08-28T21:06:41Z,https://www.youtube.com/watch?v=rSGUZ1o9a8w,"YouTube Data API search.list(order=viewCount,channelId)->videos.list(snippet,statistics)",below_100000_or_missing_required_field
한달살러 신디와쏭 Shindywassong,UC1E2DOD7f4E-bfKGUr1r2jQ,KlY1KG-3jDY,🇵🇹 리스본 한 달 교통권 만들기 (Feat. 리스보아 비바카드) (한 달 살기) / 파이어족의 세계여행 [5] 포르투갈 [3],2021-07-21T23:13:34Z,20719,2026-08-28T21:06:41Z,https://www.youtube.com/watch?v=KlY1KG-3jDY,"YouTube Data API search.list(order=viewCount,channelId)->videos.list(snippet,statistics)",below_100000_or_missing_required_field
한달살러 신디와쏭 Shindywassong,UC1E2DOD7f4E-bfKGUr1r2jQ,H4cZEaIt3yc,"🇮🇩 요즘 핫한 발리의 짱구, 하지만 한 달 살기로는 추천하고싶지 않은 이유 / 파이어족 부부 세계여행 [180] 인도네시아 [10]",2023-11-26T01:00:07Z,19848,2026-08-28T21:06:41Z,https://www.youtube.com/watch?v=H4cZEaIt3yc,"YouTube Data API search.list(order=viewCount,channelId)->videos.list(snippet,statistics)",below_100000_or_missing_required_field
한달살러 신디와쏭 Shindywassong,UC1E2DOD7f4E-bfKGUr1r2jQ,NjMvemhjuP8,"🇮🇹 찐 이탈리아 느낌을 원할 때 가면 좋은 도시, 미식과 낭만의 도시 볼로냐 / 파이어족 부부의 세계여행 [150] 이탈리아 [5]",2025-08-10T01:00:23Z,19664,2026-08-28T21:06:41Z,https://www.youtube.com/watch?v=NjMvemhjuP8,"YouTube Data API search.list(order=viewCount,channelId)->videos.list(snippet,statistics)",below_100000_or_missing_required_field
한달살러 신디와쏭 Shindywassong,UC1E2DOD7f4E-bfKGUr1r2jQ,dhor_84hqmQ,"🇦🇹 크리스마스 극성수기의 비엔나 한달살기, 얼마나 들까? 비엔나 한 달 살기 점수 공개! / 파이어족의 세계여행 [210] 오스트리아 [9]",2025-01-12T01:30:18Z,19085,2026-08-28T21:06:41Z,https://www.youtube.com/watch?v=dhor_84hqmQ,"YouTube Data API search.list(order=viewCount,channelId)->videos.list(snippet,statistics)",below_100000_or_missing_required_field
한달살러 신디와쏭 Shindywassong,UC1E2DOD7f4E-bfKGUr1r2jQ,1uqw-STYw8k,🇵🇹 아름다움에 가려진 도시의 어두운 면.. 마약과 사건 사고로 얼룩진 리스본 / 파이어족의 세계여행 [13] 포르투갈 [11],2021-08-11T01:34:11Z,18894,2026-08-28T21:06:41Z,https://www.youtube.com/watch?v=1uqw-STYw8k,"YouTube Data API search.list(order=viewCount,channelId)->videos.list(snippet,statistics)",below_100000_or_missing_required_field
한달살러 신디와쏭 Shindywassong,UC1E2DOD7f4E-bfKGUr1r2jQ,Qfu_A5mwmFw,🇲🇦 킹크랩도 랍스터도 만원 아래인 에싸우이라에서 킹크랩 숯불에 구워 먹기 / 스파이더크랩 / 파이어족의 세계여행 [84] 모로코 [10],2022-05-28T09:23:16Z,18475,2026-08-28T21:06:41Z,https://www.youtube.com/watch?v=Qfu_A5mwmFw,"YouTube Data API search.list(order=viewCount,channelId)->videos.list(snippet,statistics)",below_100000_or_missing_required_field
한달살러 신디와쏭 Shindywassong,UC1E2DOD7f4E-bfKGUr1r2jQ,RbvPYN0LxGU,🇹🇭 카약타고 숭악헌 원숭이들이 넘쳐나는 해변가 탐험해보기 / 원숭이한테 덤비지 마세요 피봅니다 / 파이어족 부부 세계여행 [153] 태국 [7],2023-05-26T02:00:14Z,18271,2026-08-28T21:06:41Z,https://www.youtube.com/watch?v=RbvPYN0LxGU,"YouTube Data API search.list(order=viewCount,channelId)->videos.list(snippet,statistics)",below_100000_or_missing_required_field
한달살러 신디와쏭 Shindywassong,UC1E2DOD7f4E-bfKGUr1r2jQ,4qUuCiBYF8s,가장 추운 날 따땃한 이불속에서 함께 추위를 견뎌요 / 제주도 생존신고 라이브,2023-11-25T14:05:50Z,17646,2026-08-28T21:06:41Z,https://www.youtube.com/watch?v=4qUuCiBYF8s,"YouTube Data API search.list(order=viewCount,channelId)->videos.list(snippet,statistics)",below_100000_or_missing_required_field
한달살러 신디와쏭 Shindywassong,UC1E2DOD7f4E-bfKGUr1r2jQ,hoQYJZ8BVSk,🇬🇪 본격적인 쥬타 트레킹! 여기가 진짜 가성비 스위스구나 / 카즈베기 / 파이어족의 세계여행 [39] 조지아 [5],2021-11-10T11:10:42Z,17359,2026-08-28T21:06:41Z,https://www.youtube.com/watch?v=hoQYJZ8BVSk,"YouTube Data API search.list(order=viewCount,channelId)->videos.list(snippet,statistics)",below_100000_or_missing_required_field
한달살러 신디와쏭 Shindywassong,UC1E2DOD7f4E-bfKGUr1r2jQ,GiKE1yyRSUk,대망의 신디와쏭 첫 라이브,2022-05-29T13:28:53Z,16510,2026-08-28T21:06:41Z,https://www.youtube.com/watch?v=GiKE1yyRSUk,"YouTube Data API search.list(order=viewCount,channelId)->videos.list(snippet,statistics)",below_100000_or_missing_required_field
한달살러 신디와쏭 Shindywassong,UC1E2DOD7f4E-bfKGUr1r2jQ,WY5wXb3iHds,"🇵🇹 겨울에는 세계에서 가장 큰 파도가 있는 곳 나자레(Nazaré), 여름엔 평화로움 / 파이어족의 세계여행 [15] 포르투갈 [13]",2021-08-19T10:51:26Z,15672,2026-08-28T21:06:41Z,https://www.youtube.com/watch?v=WY5wXb3iHds,"YouTube Data API search.list(order=viewCount,channelId)->videos.list(snippet,statistics)",below_100000_or_missing_required_field
한달살러 신디와쏭 Shindywassong,UC1E2DOD7f4E-bfKGUr1r2jQ,R28zu8yq4KY,"🇫🇷 프랑스 스트라스부르(Strasbourg)에서 독일로 걸어서 국경 넘어보기 (No PCR, No EUDCC) / 파이어족의 세계여행 [26] 프랑스 [2]",2021-10-03T22:00:18Z,15109,2026-08-28T21:06:41Z,https://www.youtube.com/watch?v=R28zu8yq4KY,"YouTube Data API search.list(order=viewCount,channelId)->videos.list(snippet,statistics)",below_100000_or_missing_required_field
한달살러 신디와쏭 Shindywassong,UC1E2DOD7f4E-bfKGUr1r2jQ,0OeTkw_cyiA,🇮🇩 발리 최고의 일출을 찾아 새벽부터 모터바이크를 타고 구름 위에 만들어진 마을 찾아가보기 / 파이어족 부부 세계여행 [177] 인도네시아 [7],2023-11-05T01:15:00Z,14951,2026-08-28T21:06:41Z,https://www.youtube.com/watch?v=0OeTkw_cyiA,"YouTube Data API search.list(order=viewCount,channelId)->videos.list(snippet,statistics)",below_100000_or_missing_required_field
한달살러 신디와쏭 Shindywassong,UC1E2DOD7f4E-bfKGUr1r2jQ,-jUjHBnEtwQ,🇻🇳 베트남 여행 전 알고가면 아는척 하기 좋은 한국인들은 잘 모르는 한국을 닮은 베트남에 관하여 / 파이어족 부부 세계여행 [167] 베트남 [3],2023-09-03T01:00:00Z,14666,2026-08-28T21:06:41Z,https://www.youtube.com/watch?v=-jUjHBnEtwQ,"YouTube Data API search.list(order=viewCount,channelId)->videos.list(snippet,statistics)",below_100000_or_missing_required_field
한달살러 신디와쏭 Shindywassong,UC1E2DOD7f4E-bfKGUr1r2jQ,jvV5T-mg5Gc,🇻🇳 베트남인은 다 똑같다? 생각보다 매~우 복잡한 베트남의 역사와 사회 / 냐짱 여행 노로바이러스 엔딩 ㅠㅠ / 파이어족 부부 세계여행 [168] 베트남 [4],2023-09-09T01:00:19Z,14247,2026-08-28T21:06:41Z,https://www.youtube.com/watch?v=jvV5T-mg5Gc,"YouTube Data API search.list(order=viewCount,channelId)->videos.list(snippet,statistics)",below_100000_or_missing_required_field
한달살러 신디와쏭 Shindywassong,UC1E2DOD7f4E-bfKGUr1r2jQ,BnoSzsxyp5U,🇬🇪 이 시국에 조지아 입국하기! 진짜 스위스에서 가성비 스위스로 / 파이어족의 세계여행 [35] 조지아 [1],2021-11-01T12:51:01Z,14241,2026-08-28T21:06:41Z,https://www.youtube.com/watch?v=BnoSzsxyp5U,"YouTube Data API search.list(order=viewCount,channelId)->videos.list(snippet,statistics)",below_100000_or_missing_required_field
한달살러 신디와쏭 Shindywassong,UC1E2DOD7f4E-bfKGUr1r2jQ,t49EjCvBdvE,🇹🇷 안탈리아에서 길냥이들과 함께 살아가기 / 터키 동물병원 가보기 / 냥탈리아 냥팸 소개 [번외6] [심쿵 주의],2022-01-07T22:51:25Z,11982,2026-08-28T21:06:41Z,https://www.youtube.com/watch?v=t49EjCvBdvE,"YouTube Data API search.list(order=viewCount,channelId)->videos.list(snippet,statistics)",below_100000_or_missing_required_field
한달살러 신디와쏭 Shindywassong,UC1E2DOD7f4E-bfKGUr1r2jQ,ZM_V4ljt24w,🇲🇰 [4K l 60fps] Just walking in Ohrid old town (North Marcedonia),2022-09-06T20:55:09Z,11679,2026-08-28T21:06:41Z,https://www.youtube.com/watch?v=ZM_V4ljt24w,"YouTube Data API search.list(order=viewCount,channelId)->videos.list(snippet,statistics)",below_100000_or_missing_required_field
한달살러 신디와쏭 Shindywassong,UC1E2DOD7f4E-bfKGUr1r2jQ,UlWe6Tq0DBM,🇬🇪 주타(Juta) 트레킹 가는 날인데... 출발도 전에 지친다... 그래도 뷰는 미쳤음 / 카즈베기 / 파이어족의 세계여행 [38] 조지아 [4],2021-11-09T08:00:16Z,9248,2026-08-28T21:06:41Z,https://www.youtube.com/watch?v=UlWe6Tq0DBM,"YouTube Data API search.list(order=viewCount,channelId)->videos.list(snippet,statistics)",below_100000_or_missing_required_field
한달살러 신디와쏭 Shindywassong,UC1E2DOD7f4E-bfKGUr1r2jQ,AOZC8jACqAA,한달살러 신디와쏭 오스트리아 비엔나에서의 라이브 스트리밍 중,2024-11-13T14:21:32Z,7849,2026-08-28T21:06:41Z,https://www.youtube.com/watch?v=AOZC8jACqAA,"YouTube Data API search.list(order=viewCount,channelId)->videos.list(snippet,statistics)",below_100000_or_missing_required_field
한달살러 신디와쏭 Shindywassong,UC1E2DOD7f4E-bfKGUr1r2jQ,Uz5ydZi3vSU,"🇦🇹 [4K l 60fps] 비엔나, 세계 최고의 크리스마스 마켓 무편집 야간 산책. 카를스플라츠 부터 슈테판스플라츠 까지 (Karlsplatz to Stephansplatz)",2024-11-21T01:30:16Z,7377,2026-08-28T21:06:41Z,https://www.youtube.com/watch?v=Uz5ydZi3vSU,"YouTube Data API search.list(order=viewCount,channelId)->videos.list(snippet,statistics)",below_100000_or_missing_required_field
한달살러 신디와쏭 Shindywassong,UC1E2DOD7f4E-bfKGUr1r2jQ,AUFm-FblnnI,"🇦🇹 [4K l 60fps] 유럽 겨울의 꽃, 크리스마스 마켓 중에서도 가장 아름다운 비엔나의 메인 크리스마스 마켓 안방에서 편히 구경하기",2024-12-01T01:30:07Z,6175,2026-08-28T21:06:41Z,https://www.youtube.com/watch?v=AUFm-FblnnI,"YouTube Data API search.list(order=viewCount,channelId)->videos.list(snippet,statistics)",below_100000_or_missing_required_field
